mmc_code,mmc_name,price_low,price_high,proposed_rvs,proposed_procedure,case_rate,confidence,why,alternatives
12010026,ADDITIONAL USE OF DELIVERY ROOM 3OMINS,2210,2210,ANC02,ANTENATAL CARE SERVICES WITH INTRAPARTUM MONITORING OR LABOR WATCH (WITHOUT DELIVERY),4192.50,REVIEW,,"77401=P5,850 | 77418=P11,076 | MCP01=P12,675"
12010001,CAPILLARY BLOOD GLUCOSE - DR,405,510,36430,OUTPATIENT TRANSFUSION OF BLOOD OR BLOOD PRODUCTS; ONE OR MORE UNITS,7098.00,REVIEW,,"36450=P11,076 | 65930=P15,639 | 93660=P18,915"
12010037,CESAREAN SECTION BABY PACKAGE,17500,29600,59403,UNDELIVERED CASES (BABY DELIVERED IN REFERRAL FACILITY) IN NON-HOSPITAL FACILITIES,1267.50,REVIEW,,"88331=P11,076 | 88332=P18,915 | 69915=P104,130"
12010038,CESAREAN SECTION MOTHER PACKAGE,67500,193400,88331,"PATHOLOGY CONSULTATION DURING SURGERY; WITH FROZEN SECTION(S), SINGLE BLOCK",11076.00,REVIEW,,"88332=P18,915 | 69915=P104,130 | 69950=P107,250"
12010046,CESAREAN SECTION PROCEDURE,45940,45940,88331,"PATHOLOGY CONSULTATION DURING SURGERY; WITH FROZEN SECTION(S), SINGLE BLOCK",11076.00,REVIEW,,"88332=P18,915 | 69915=P104,130 | 69950=P107,250"
12010045,DIAGNOSTIC HYSTEROSCOPY PACKAGE OUTPATIENT,86000,86000,58555,"HYSTEROSCOPY, DIAGNOSTIC",18915.00,REVIEW,root match: HYSTEROSCOPY,"58562=P25,155 | 58559=P35,100 | 58561=P45,435"
12010039,DILATATION AND CURETTAGE PACKAGE,62700,62700,46940,"CURETTAGE OR CAUTERIZATION OF ANAL FISSURE, INCLUDING DILATION OF ANAL SPHINCTER",18915.00,REVIEW,,"57520=P18,915 | 25130=P19,406 | 58120=P21,450"
12010004,DR AMBULATORY-GYNE BIOPSY,3000,3000,20206,"BIOPSY, MUSCLE, PERCUTANEOUS NEEDLE",6832.80,high (rates identical),,"21920=P6,833 | 23065=P6,833 | 24065=P6,833"
12010013,DR LAPAROSCOPY (KITTING),82100,82100,49320,"LAPAROSCOPY, ABDOMEN, PERITONEUM, AND OMENTUM, DIAGNOSTIC, WITH OR WITHOUT COLLECTION OF SPECIMEN(S) BY BRUSHING OR WASHING",11076.00,REVIEW,approach agrees (lap),"49323=P16,107 | 49321=P18,915 | 50542=P18,915"
12010044,DR LAPAROSCOPY PACKAGE,273500,292000,49320,"LAPAROSCOPY, ABDOMEN, PERITONEUM, AND OMENTUM, DIAGNOSTIC, WITH OR WITHOUT COLLECTION OF SPECIMEN(S) BY BRUSHING OR WASHING",11076.00,REVIEW,approach agrees (lap),"49323=P16,107 | 49321=P18,915 | 50542=P18,915"
12010018,DR OB GYNE MAJOR VAGINAL HYSTERECTOMY,40590,40590,58260,VAGINAL HYSTERECTOMY;,59085.00,high (rates identical),root match: HYSTERECTOMY; qualifier match: VAGINAL,"58262=P59,085 | 58550=P59,085 | 58552=P59,085"
12010040,EXPLORATORY LAPARATOMY PACKAGE,172600,202100,,,,none,no candidate,
12010041,SPONTANEOUS VAGINAL BABY PACKAGE,18700,28900,NSD01,"ROUTINE OBSTETRIC CARE INCLUDING ANTEPARTUM CARE, VAGINAL DELIVERY AND/OR POSTPARTUM CARE (NORMAL SPONTANEOUS DELIVERY PACKAGE) FOR HOSPITALS",9750.00,REVIEW,qualifier match: VAGINAL,"57061=P11,076 | 57100=P11,076 | 57415=P16,107"
12010048,SPONTANEOUS VAGINAL DELIVERY,32140,32140,NSD01,"ROUTINE OBSTETRIC CARE INCLUDING ANTEPARTUM CARE, VAGINAL DELIVERY AND/OR POSTPARTUM CARE (NORMAL SPONTANEOUS DELIVERY PACKAGE) FOR HOSPITALS",9750.00,REVIEW,qualifier match: VAGINAL,"59620=P37,050 | 57061=P11,076 | 57100=P11,076"
12010042,SPONTANEOUS VAGINAL MOTHER PACKAGE,51300,139100,NSD01,"ROUTINE OBSTETRIC CARE INCLUDING ANTEPARTUM CARE, VAGINAL DELIVERY AND/OR POSTPARTUM CARE (NORMAL SPONTANEOUS DELIVERY PACKAGE) FOR HOSPITALS",9750.00,REVIEW,qualifier match: VAGINAL,"57061=P11,076 | 57100=P11,076 | 57415=P16,107"
12010043,TAHBSO PACKAGE,201000,226000,,,,none,no candidate,
12010031,USE OF DELIVERY ROOM,4450,8900,ANC02,ANTENATAL CARE SERVICES WITH INTRAPARTUM MONITORING OR LABOR WATCH (WITHOUT DELIVERY),4192.50,REVIEW,,"77401=P5,850 | 77418=P11,076 | MCP01=P12,675"
12010036,USE OF WATERPROOF DOPPLER,840,840,93556,"IMAGING SUPERVISION, INTERPRETATION AND REPORT FOR INJECTION PROCEDURE(S) DURING CARDIAC CATHETERIZATION; PULMONARY ANGIOGRAPHY, AORTOGRAPHY, AND/OR SELECTIVE CORONARY ANGIOGRAPHY INCLUDING VENOUS BYPASS GRAFTS AND ARTERIAL CONDUITS (WHETHER NATIVE OR USE",18915.00,high,,
18170027,ACL ARTHROSCOPY/MENISECTOMY PACKAGE,197000,208000,29840,"ARTHROSCOPY, WRIST, DIAGNOSTIC, W/ OR W/O SYNOVIAL BIOPSY",23634.00,REVIEW,root match: ARTHROSCOPY,"29800=P35,100 | 29815=P35,100 | 29830=P35,100"
18170026,ANKLE ARTHROSCOPY PACKAGE,160080,177080,29897,"ARTHROSCOPY, ANKLE (TIBIOTALAR AND FIBULOTALAR JOINTS), SURGICAL; DEBRIDEMENT, LIMITED",40911.00,REVIEW,root match: ARTHROSCOPY,"29898=P42,549 | 29894=P42,783 | 29840=P23,634"
18170001,ARTERIO VENOUS FISTULA CREATION PACKAGE,74200,88200,17250,"CHEMICAL CAUTERIZATION OF GRANULATION TISSUE (PROUD FLESH, SINUS OR FISTULA)",11076.00,REVIEW,,"36012=P15,639 | 76080=P15,639 | 19112=P16,107"
18170017,ARTERIO VENOUS GRAFT PACKAGE,143200,162700,34520,CROSS-OVER VEIN GRAFT TO VENOUS SYTEM,59085.00,REVIEW,,"33510=P104,130 | 33517=P104,130 | 33518=P104,130"
18170024,ARTHROSCOPIC MENISECTOMY PACKAGE,144060,156060,,,,none,no candidate,
18170034,ARTHROSCOPIC MENISECTOMY PACKAGE W/ANES,124060,134060,,,,none,no candidate,
18170030,BRONCHOSCOPY PACKAGE,58740,70040,31622,"BRONCHOSCOPY; DIAGNOSTIC, (FLEXIBLE OR RIGID), W/ OR W/O CELL WASHING OR BRUSHING",21372.00,high (rates identical),root match: BRONCHOSCOPY,"31625=P21,372 | 31628=P21,372 | 31629=P21,372"
18170009,CABG OFF/ON PUMP 3 VESSELS PACKAGE,1063600,1168600,11403,"EXCISION, BENIGN LESION, EXCEPT SKIN TAG (UNLESS LISTED ELSEWHERE), TRUNK, ARMS OR LEGS; LESION DIAMETER 2.1 TO 3.0 CM",7098.00,high (rates identical),,"11404=P7,098 | 11423=P7,098 | 11424=P7,098"
18170008,CABG OFF/ON PUMP 5 VESSELS PACKAGE,1065200,1170200,11400,"EXCISION, BENIGN LESION, EXCEPT SKIN TAG (UNLESS LISTED ELSEWHERE), TRUNK, ARMS OR LEGS; LESION DIAMETER 0.5 CM OR LESS",7098.00,REVIEW,,"11420=P7,098 | 12031=P7,098 | 11310=P7,215"
18170039,CIRCUMCISION PACKAGE - OR,13700,17120,54150,"CIRCUMCISION, USING CLAMP OR OTHER DEVICE; NEWBORN",2457.00,high (rates identical),,"54152=P2,457 | 54160=P2,457 | 54161=P2,457"
18170033,CYSTOSCOPY PACKAGE,42500,73960,55859,"TRANSPERINEAL PLACEMENT OF NEEDLES, CATHETERS OR PELLETS INTO PROSTATE FOR INTERSTITIAL RADIOELEMENT APPLICATION, WITH OR WITHOUT CYSTOSCOPY, ULTRASOUND OR CT SCAN GUIDANCE",35100.00,high,root match: CYSTOSCOPY,"50947=P45,435 | 50948=P45,435"
18170006,FISTULLECTOMY PACKAGE,62280,67280,,,,none,no candidate,
18170016,FUNCTIONAL ENDOSCOPIC SINUS SURGERY PACKAGE,105960,134960,11770,EXCISION OF PILONIDAL CYST OR SINUS,11076.00,REVIEW,,"17250=P11,076 | 31002=P15,639 | 36012=P15,639"
18170005,HEMORRHOIDECTOMY PACKAGE W/ CAUTERY,63280,68280,46260,"HEMORRHOIDECTOMY, INTERNAL AND EXTERNAL, COMPLEX OR EXTENSIVE;",23634.00,high (rates identical),root match: HEMORRHOIDECTOMY,"46221=P23,634 | 46250=P23,634 | 46255=P23,634"
18170025,HEMORRHOIDECTOMY PACKAGE W/ LIGASURE,84280,90080,46260,"HEMORRHOIDECTOMY, INTERNAL AND EXTERNAL, COMPLEX OR EXTENSIVE;",23634.00,high (rates identical),root match: HEMORRHOIDECTOMY,"46221=P23,634 | 46250=P23,634 | 46255=P23,634"
18170043,HYSTERECTOMY PACKAGE (ROBOT-ASSISTED),592000,798000,51925,CLOSURE OF VESICOUTERINE FISTULA; W/ HYSTERECTOMY,59085.00,high (rates identical),root match: HYSTERECTOMY,"58260=P59,085 | 58262=P59,085 | 58550=P59,085"
18170018,INFERIOR VENA CAVA (IVC) FILTER INSERTION PACKAGE,136400,158400,36010,"INTRODUCTION OF CATHETER, SUPERIOR OR INFERIOR VENA CAVA",7098.00,REVIEW,,"50725=P45,435 | 75940=P45,435 | 33766=P59,085"
18170020,INTRA CORPOREAL LITHOTRIPSY SPINAL PACKAGE,118600,131000,62272,"SPINAL PUNCTURE , THERAPEUTIC, FOR DRAINAGE OF SPINAL FLUID (BY NEEDLE OR CATHETER)",10842.00,REVIEW,,"96450=P10,842 | 53605=P11,076 | 53665=P11,076"
18170042,LAP PROSTATECTOMY (ROBOT-ASSISTED),597500,771000,55866,"LAPAROSCOPY, SURGICAL PROSTATECTOMY, RETROPUBIC RADICAL, INCLUDING NERVE SPARING",90675.00,high,root match: PROSTATECTOMY; approach agrees (lap); candidate adds: RADICAL,"55810=P90,675 | 55840=P90,675"
18170011,LAPAROSCOPIC CHOLECYSTECTOMY PACKAGE,150000,184000,47562,"LAPAROSCOPY, SURGICAL; CHOLECYSTECTOMY (ANY METHOD)",60450.00,REVIEW,root match: CHOLECYSTECTOMY; approach agrees (lap),"47563=P60,450 | 47564=P90,675 | 47600=P60,450"
18170040,LAPAROSCOPIC CHOLECYSTECTOMY W/ ICG PACKAGE,174500,208500,47562,"LAPAROSCOPY, SURGICAL; CHOLECYSTECTOMY (ANY METHOD)",60450.00,REVIEW,root match: CHOLECYSTECTOMY; approach agrees (lap),"47563=P60,450 | 47564=P90,675 | 47600=P60,450"
18170028,LOWER EXTREMITY SURGERY TOTAL KNEE REPLACE BARRIER EXTREMITY PACKAGE,268000,334000,27488,"REMOVAL OF KNEE PROSTHESIS, INCLUDING ""TOTAL KNEE"" METHYLMETHACRYLATE AND INSERTION OF SPACER, WHEN APPLICABLE",72501.00,REVIEW,qualifier match: TOTAL,"29445=P11,076 | 68362=P23,361 | 23332=P29,172"
18170037,MICRODISCECTOMY PACKAGE,216300,216300,,,,none,no candidate,
18170010,MODIFIED RADICAL MASTECTOMY SURGERY PACKAGE,154200,164200,19240,"MASTECTOMY, MODIFIED RADICAL, INCLUDING AXILLARY LYMPH NODES, W/ OR W/O PECTORALIS MINOR MUSCLE, BUT EXCLUDING PECTORALIS MAJOR MUSCLE",42900.00,high,root match: MASTECTOMY; qualifier match: MODIFIED/RADICAL,"19200=P42,900 | 19220=P42,900 | 19140=P42,900"
18170032,OPEN HEPATECTOMY SURGERY PACKAGE,244400,278400,47134,"DONOR HEPATECTOMY, W/ PREPARATION AND MAINTENANCE OF ALLOGRAFT; PARTIAL, FROM LIVING DONOR",90675.00,high,root match: HEPATECTOMY; candidate adds: PARTIAL,
18170021,OPEN INGUINAL HERNIA W/ MESH PACKAGE,82600,92600,47380,"ABLATION, OPEN, OF OR MORE LIVER TUMOR(S); RADIOFREQUENCY",18915.00,REVIEW,approach agrees (open),"47381=P18,915 | 50250=P18,915 | 28465=P19,734"
18170003,PERM CATHETER INSERTION PACKAGE OUP,87800,87800,51010,ASPIRATION OF BLADDER; BY TROCAR OR INTRACATHETER W/ INSERTION OF SUPRAPUBIC CATHETER,11076.00,REVIEW,,"49420=P16,107 | 36568=P18,915 | 93503=P18,915"
18170004,PICC LINE INSERTION PACKAGE,47300,57300,36568,INSERTION OF PERIPHERALLY INSERTED CENTRAL VENOUS CATHETER (PICC),18915.00,REVIEW,,"58300=P3,900 | 51010=P11,076 | 20650=P15,639"
18170002,PORTA CATHETER INSERTION PACKAGE OUP,93400,93400,51010,ASPIRATION OF BLADDER; BY TROCAR OR INTRACATHETER W/ INSERTION OF SUPRAPUBIC CATHETER,11076.00,REVIEW,,"49420=P16,107 | 36568=P18,915 | 93503=P18,915"
18170036,PRECISION CATARACT PHACOEMULSIFICATION PER EYE PACKAGE,91600,91600,65205,"REMOVAL OF FOREIGN BODY, EXTERNAL EYE; CONJUNCTIVAL, SUPERFICIAL",975.00,REVIEW,,"75757=P6,825 | 65222=P8,151 | 65210=P8,775"
18170031,PROSTATE BIOPSY PACKAGE,45400,49900,55700,"BIOPSY, PROSTATE; NEEDLE OR PUNCH, SINGLE OR MULTIPLE, ANY APPROACH",18135.00,REVIEW,,"20206=P6,833 | 21920=P6,833 | 23065=P6,833"
18170014,RADIOFREQUENCY ABLATION (RFA) PACKAGE,104600,135100,20982,"ABLATION, BONE TUMOR(S) (E.G., OSTEOID OSTEOMA, METASTASIS) RADIOFREQUENCY, PERCUTANEOUS, INCLUDING COMPUTED TOMOGRAPHIC GUIDANCE",18915.00,REVIEW,,"47380=P18,915 | 47382=P18,915 | 47370=P35,100"
18170007,SHOULDER ARTHROSCOPY PACKAGE,153880,177880,29815,"ARTHROSCOPY, SHOULDER, DIAGNOSTIC, W/ OR W/O SYNOVIAL BIOPSY",35100.00,REVIEW,root match: ARTHROSCOPY,"29822=P40,911 | 29819=P42,783 | 29823=P45,435"
18170041,SLNB MODIFIED RADICAL MASTECTOMY PACKAGE,219600,231000,19240,"MASTECTOMY, MODIFIED RADICAL, INCLUDING AXILLARY LYMPH NODES, W/ OR W/O PECTORALIS MINOR MUSCLE, BUT EXCLUDING PECTORALIS MAJOR MUSCLE",42900.00,high,root match: MASTECTOMY; qualifier match: MODIFIED/RADICAL,"19200=P42,900 | 19220=P42,900 | 19140=P42,900"
18170019,THYROIDECTOMY SURGERY PACKAGE,157500,189400,60260,"THYROIDECTOMY, REMOVAL OF ALL REMAINING THYROID TISSUE FOLLOWING PREVIOUS REMOVAL OF A PORTION OF THYROID",60450.00,REVIEW,root match: THYROIDECTOMY,"60270=P90,675 | 60271=P90,675 | 60240=P60,450"
18170035,TONSILLECTOMY SURGERY PACKAGE,83600,97600,42825,"TONSILLECTOMY, PRIMARY OR SECONDARY",35100.00,high (rates identical),root match: TONSILLECTOMY; candidate adds: PRIMARY,"42820=P35,100"
18170045,TOTAL KNEE REPLACEMENT - BILATERAL PACKAGE,428000,536000,27488,"REMOVAL OF KNEE PROSTHESIS, INCLUDING ""TOTAL KNEE"" METHYLMETHACRYLATE AND INSERTION OF SPACER, WHEN APPLICABLE",72501.00,REVIEW,qualifier match: TOTAL,"27132=P107,406 | 29445=P11,076 | 75662=P18,915"
18170038,TRANSFORAMINAL LUMBAR INTERBODY FUSION PACKAGE,259800,259800,22630,"ARTHRODESIS, POSTERIOR INTERBODY TECHNIQUE, SINGLE INTERSPACE; LUMBAR",78624.00,REVIEW,,"62270=P11,076 | 64862=P40,911 | 49540=P40,950"
18170046,TYMPANOPLASTY - OP LOCAL OUP PACKAGE,89500,140500,,,,none,no candidate,
18170047,TYMPANOPLASTY - WITH SEDATION OUP PACKAGE,101500,152500,,,,none,no candidate,
18170012,TYMPANOPLASTY MASTOIDECTOMY PACKAGE,175120,189120,69604,REVISION MASTOIDECTOMY; RESULTING IN TYMPANOPLASTY,45435.00,REVIEW,root match: MASTOIDECTOMY/TYMPANOPLASTY; candidate bundles extra: REVISION,"69222=P18,915 | 61595=P139,230 | 69220=P15,639"
18170022,VARICOCELECTOMY PACKAGE,83700,110200,,,,none,no candidate,
18170023,VEIN STRIPPING PACKAGE,83100,106600,36510,"CATHETERIZATION OF UMBILICAL VEIN FOR DIAGNOSIS OR THERAPY, NEWBORN",7098.00,REVIEW,,"37565=P11,076 | 36012=P15,639 | 36011=P18,135"
18170013,VIDEO ASSISTED THORACIC SURGERY (VATS) PACKAGE,168700,168700,36217,"SELECTIVE CATHETER PLACEMENT, ARTERIAL SYSTEM; INITIAL THIRD ORDER OR MORE SELECTIVE THORACIC OR BRACHIOCEPHALIC BRANCH, W/IN A VASCULAR FAMILY",15639.00,REVIEW,,"36215=P18,135 | 36216=P18,135 | 75600=P18,915"
