id,hospital_id,service,price_low,price_high,as_of,mmc_code,source
1,2,9TH FLOOR (PROFESSIONAL FEE) - ONCOLOGY,"1,800","3,000","August 31, 2023",657,mmc-price-list
2,2,9TH FLOOR - CARDIOLOGY,"4,150","12,450","October 23, 2023",759,mmc-price-list
3,2,9TH FLOOR ROOM - PULMONARY MEDICINE,"4,000","8,000","August 31, 2023",25,mmc-price-list
4,2,ABDOMINOPLASTY FULL (TUMMY TUCK) 4 HOURS - SURGERY,"117,000","147,000","August 31, 2023",587,mmc-price-list
5,2,ABDOMINOPLASTY MINI (TUMMY TUCK) 2 HOURS - SURGERY,"65,000","95,000","August 31, 2023",588,mmc-price-list
6,2,ABOVE ELBOW AMPUTATION AND BELO ELBOW AMPUTATION - ANESTHESIOLOGY,"28,000","45,000","August 31, 2023",302,mmc-price-list
7,2,ABOVE ELBOW AMPUTATION AND BELO ELBOW AMPUTATION - ORTHOPEDIC SURGERY,"70,000","90,000","August 31, 2023",229,mmc-price-list
8,2,ABOVE KNEE AMPUTATION- BELOW KNEE AMPUTATION - ANESTHESIOLOGY,"28,000","45,000","August 31, 2023",301,mmc-price-list
9,2,ABOVE KNEE AMPUTATION- BELOW KNEE AMPUTATION - ORTHOPEDIC SURGERY,"70,000","90,000","August 31, 2023",228,mmc-price-list
10,2,ACDF PLATING 1-LEVEL - (EXCLUSIVE OF IMPLANT) - ANESTHESIOLOGY,"60,000","100,000","August 31, 2023",331,mmc-price-list
11,2,ACDF PLATING 1-LEVEL - (EXCLUSIVE OF IMPLANT) - ORTHOPEDIC SURGERY,"150,000","200,000","August 31, 2023",258,mmc-price-list
12,2,ACHILLES TENDON REPAIR/RECONSTRUCTION - ANESTHESIOLOGY,"28,000","45,000","August 31, 2023",157,mmc-price-list
13,2,ACHILLES TENDON REPAIR/RECONSTRUCTION - ORTHOPEDIC SURGERY,"70,000","90,000","August 31, 2023",145,mmc-price-list
14,2,ACHILLES TENDOSCOPY - ANESTHESIOLOGY,"18,000","40,000","August 31, 2023",352,mmc-price-list
15,2,ACHILLES TENDOSCOPY - ORTHOPEDIC SURGERY,"45,000","80,000","August 31, 2023",272,mmc-price-list
16,2,ACNE SURGERY/ FACIALS - DERMATOLOGY,500,"5,000","October 21, 2023",595,mmc-price-list
17,2,ACTIVE ORTHODONTIC CASE - DENTAL MEDICINE (ORTHODONTIC),"180,000","250,000","August 31, 2023",462,mmc-price-list
18,2,ACUPUNCTURE - PHYSICAL MEDICINE AND REHABILITATION,"3,790","3,790","August 31, 2023",357,mmc-price-list
19,2,ADHESIOLYSIS - SURGERY,"2,000","80,000","August 31, 2023",535,mmc-price-list
20,2,ADMINISTRATION OF BIOLOGIC AGENTS - RHEUMATOLOGY,"1,500","2,500","August 31, 2023",44,mmc-price-list
21,2,ADMINISTRATION OF CHEMOTHERAPEUTIC AGENTS - RHEUMATOLOGY,"3,000","5,000","August 31, 2023",43,mmc-price-list
22,2,ADOLESCENT MEDICINE - PEDIATRICS (ADMISSIONS / REFERRALS / PROCEDURES),"5,000","5,000","October 23, 2023",773,mmc-price-list
23,2,ALLERGOLOGY & IMMUNOLOGY - PEDIATRICS (ADMISSIONS / REFERRALS / PROCEDURES),0,0,"August 31, 2023",739,mmc-price-list
24,2,ALLERGOLOGY & IMMUNOLOGY - PEDIATRICS (OUTPATIENT CONSULTATIONS),800,"2,500","August 31, 2023",717,mmc-price-list
25,2,ALLERGY SKIN TEST - ALLERGOLOGY AND IMMUNOLOGY,"12,000","15,000","August 31, 2023",696,mmc-price-list
26,2,ALVEOLAR BONE GRAFT - ANESTHESIOLOGY,"30,000","50,000","August 31, 2023",17,mmc-price-list
27,2,ALVEOLAR BONE GRAFT - DENTAL MEDICINE (ORAL MAXILLO FACIAL SURGERY),"75,000","100,000","August 31, 2023",513,mmc-price-list
28,2,AMNIOCENTESIS - ANESTHESIOLOGY,"5,000","15,000","August 31, 2023",85,mmc-price-list
29,2,AMNIOCENTESIS - OBSTETRICS AND GYNECOLOGY,"5,000","30,000","August 31, 2023",112,mmc-price-list
30,2,ANAL FISTULA SURGERY - SURGERY,"2,000","80,000","August 31, 2023",539,mmc-price-list
31,2,ANAL FISTULECTOMY/FISTULOTOMY - ANESTHESIOLOGY,100,"45,000","August 31, 2023",390,mmc-price-list
32,2,ANAL FISTULECTOMY/FISTULOTOMY - SURGERY,"62,500","87,500","August 31, 2023",414,mmc-price-list
33,2,ANGIOGRAM - RADIOLOGY,"30,000","100,000","August 31, 2023",367,mmc-price-list
34,2,ANGIOGRAM / VENOGRAM - ANESTHESIOLOGY,"12,000","25,000","August 31, 2023",436,mmc-price-list
35,2,ANGIOGRAM / VENOGRAM - SURGERY,"30,000","50,000","October 21, 2023",472,mmc-price-list
36,2,AORTIC REPLACEMENT FOR RUPTURE OR DISSECTION VIA STERNOTOMY OR THORACOTOMY - SURGERY,"600,000","950,000","August 31, 2023",500,mmc-price-list
37,2,APPLICATION OF CYLINDER CAST - ANESTHESIOLOGY,"2,000","3,250","August 31, 2023",234,mmc-price-list
38,2,APPLICATION OF CYLINDER CAST - ORTHOPEDIC SURGERY,"5,000","6,500","August 31, 2023",190,mmc-price-list
39,2,APPLICATION OF LONG ARM CAST - ANESTHESIOLOGY,"2,400","3,750","August 31, 2023",237,mmc-price-list
40,2,APPLICATION OF LONG ARM CAST - ORTHOPEDIC SURGERY,"6,000","7,500","August 31, 2023",192,mmc-price-list
41,2,APPLICATION OF LONG LEG CAST - ANESTHESIOLOGY,"2,400","3,750","August 31, 2023",231,mmc-price-list
42,2,APPLICATION OF LONG LEG CAST - ORTHOPEDIC SURGERY,"6,000","7,500","August 31, 2023",189,mmc-price-list
43,2,APPLICATION OF POSTERIOR SPLINT - EMERGENCY MEDICINE,"2,400","2,400","August 31, 2023",689,mmc-price-list
44,2,APPLICATION OF SHORT ARM CAST - ANESTHESIOLOGY,"1,800","3,000","August 31, 2023",239,mmc-price-list
45,2,APPLICATION OF SHORT ARM CAST - ORTHOPEDIC SURGERY,"4,500","6,000","August 31, 2023",193,mmc-price-list
46,2,APPLICATION OF SHORT LEG CAST - ANESTHESIOLOGY,"1,800","3,000","August 31, 2023",235,mmc-price-list
47,2,APPLICATION OF SHORT LEG CAST - ORTHOPEDIC SURGERY,"4,500","6,000","August 31, 2023",191,mmc-price-list
48,2,ARTERIAL LINE INSERTION - CARDIOLOGY,"5,000","5,000","August 31, 2023",710,mmc-price-list
49,2,ARTHROCENTESIS - RHEUMATOLOGY,"3,500","5,500","August 31, 2023",41,mmc-price-list
50,2,ARTHROSCOPIC ACL RECONSTRUCTION - ANESTHESIOLOGY,"28,000","50,000","August 31, 2023",155,mmc-price-list
51,2,ARTHROSCOPIC ACL RECONSTRUCTION - ORTHOPEDIC SURGERY,"70,000","100,000","August 31, 2023",143,mmc-price-list
52,2,ARTHROSCOPIC ANKLE ARTHRODESIS/SUBTALAR ARTHRODESIS - ANESTHESIOLOGY,"32,000","50,000","August 31, 2023",354,mmc-price-list
53,2,ARTHROSCOPIC ANKLE ARTHRODESIS/SUBTALAR ARTHRODESIS - ORTHOPEDIC SURGERY,"80,000","100,000","August 31, 2023",273,mmc-price-list
54,2,ARTHROSCOPIC ANKLE DECOMPRESSION/SYNOVECTOMY - ANESTHESIOLOGY,"18,000","30,000","August 31, 2023",339,mmc-price-list
55,2,ARTHROSCOPIC ANKLE DECOMPRESSION/SYNOVECTOMY - ORTHOPEDIC SURGERY,"45,000","60,000","August 31, 2023",263,mmc-price-list
56,2,ARTHROSCOPIC ANTERIOR TALO-FIBULAR LIGAMENT REPAIR - ANESTHESIOLOGY,"32,000","50,000","August 31, 2023",347,mmc-price-list
57,2,ARTHROSCOPIC ANTERIOR TALO-FIBULAR LIGAMENT REPAIR - ORTHOPEDIC SURGERY,"80,000","100,000","August 31, 2023",269,mmc-price-list
58,2,ARTHROSCOPIC CARTILAGE REPAIR/RECONSTRUCTION - ANESTHESIOLOGY,"24,000","50,000","August 31, 2023",341,mmc-price-list
59,2,ARTHROSCOPIC CARTILAGE REPAIR/RECONSTRUCTION - ORTHOPEDIC SURGERY,"60,000","100,000","August 31, 2023",265,mmc-price-list
60,2,ARTHROSCOPIC EXCISION OF HAGLUND'S LESION - ANESTHESIOLOGY,"24,000","40,000","August 31, 2023",343,mmc-price-list
61,2,ARTHROSCOPIC EXCISION OF HAGLUND'S LESION - ORTHOPEDIC SURGERY,"60,000","80,000","August 31, 2023",267,mmc-price-list
62,2,ARTHROSCOPIC EXCISION OF OS TRIGONUUM - ORTHOPEDIC SURGERY,"60,000","80,000","August 31, 2023",266,mmc-price-list
63,2,ARTHROSCOPIC EXCISION OF OSTRIGONUUM - ANESTHESIOLOGY,"24,000","40,000","August 31, 2023",342,mmc-price-list
64,2,ARTHROSCOPIC MENISCAL REPAIR - ANESTHESIOLOGY,"28,000","45,000","August 31, 2023",159,mmc-price-list
65,2,ARTHROSCOPIC MENISCAL REPAIR - ORTHOPEDIC SURGERY,"70,000","90,000","August 31, 2023",147,mmc-price-list
66,2,ARTHROSCOPIC MENISCECTOMY - ANESTHESIOLOGY,"20,000","45,000","August 31, 2023",158,mmc-price-list
67,2,ARTHROSCOPIC MENISCECTOMY - ORTHOPEDIC SURGERY,"50,000","70,000","August 31, 2023",146,mmc-price-list
68,2,ARTHROSCOPIC SHOULDER DECOMPRESSION - ANESTHESIOLOGY,"20,000","40,000","August 31, 2023",152,mmc-price-list
69,2,ARTHROSCOPIC SHOULDER DECOMPRESSION - ORTHOPEDIC SURGERY,"50,000","80,000","August 31, 2023",140,mmc-price-list
70,2,ASSISTED VAGINAL DELIVERY - ANESTHESIOLOGY,"10,000","100,000","August 31, 2023",88,mmc-price-list
71,2,ASSISTED VAGINAL DELIVERY - OBSTETRICS AND GYNECOLOGY,"15,000","200,000","August 31, 2023",114,mmc-price-list
72,2,AUGMENTATION RHINOPLASTY 1 HOUR - SURGERY,"32,500","62,500","August 31, 2023",549,mmc-price-list
73,2,AUGMENTATION RHINOPLASTY WITH ALAR TRIMMING 2 HOURS - SURGERY,"45,500","75,500","August 31, 2023",552,mmc-price-list
74,2,AVF - ANESTHESIOLOGY,"18,000","37,500","August 31, 2023",427,mmc-price-list
75,2,AVF - SURGERY,"45,000","75,000","August 31, 2023",459,mmc-price-list
76,2,AVG - ANESTHESIOLOGY,"33,000","37,500","August 31, 2023",429,mmc-price-list
77,2,AVG - SURGERY,"55,000","75,000","August 31, 2023",464,mmc-price-list
78,2,BABY DENTURE - DENTAL MEDICINE (PEDIATRIC),"10,000","15,000","October 21, 2023",548,mmc-price-list
79,2,BALLOON KYPHOPLASTY 1-LEVEL - ANESTHESIOLOGY,"40,000","60,000","August 31, 2023",335,mmc-price-list
80,2,BALLOON KYPHOPLASTY 1-LEVEL - ORTHOPEDIC SURGERY,"100,000","120,000","August 31, 2023",257,mmc-price-list
81,2,BASIC ADOLESCENT ASSESSMENT - PEDIATRICS,"3,500","3,500","October 23, 2023",762,mmc-price-list
82,2,BASIC BRONCHOSCOPY - ANESTHESIOLOGY,"5,000","12,500","August 31, 2023",47,mmc-price-list
83,2,BASIC BRONCHOSCOPY - PULMONARY MEDICINE,"20,000","25,000","August 31, 2023",32,mmc-price-list
84,2,BENIGN BONE EXCISION - ANESTHESIOLOGY,"24,000","40,000","August 31, 2023",306,mmc-price-list
85,2,BENIGN BONE EXCISION - ORTHOPEDIC SURGERY,"60,000","80,000","August 31, 2023",238,mmc-price-list
86,2,BENIGN SOFT TISSUE EXCISION - ANESTHESIOLOGY,"12,000","25,000","August 31, 2023",305,mmc-price-list
87,2,BENIGN SOFT TISSUE EXCISION - ORTHOPEDIC SURGERY,"30,000","50,000","August 31, 2023",236,mmc-price-list
88,2,BIOPSY (PUNCH) - OTORHINOLARYNGOLOGY,"5,000","8,000","August 31, 2023",284,mmc-price-list
89,2,BIOPSY - ANESTHESIOLOGY,"6,000","20,000","August 31, 2023",15,mmc-price-list
90,2,BIOPSY - DENTAL MEDICINE (ORAL MAXILLO FACIAL SURGERY),"15,000","40,000","August 31, 2023",502,mmc-price-list
91,2,BONE GRAFTING(DEPENDING ON MATERIALS USED) - DENTAL MEDICINE (PERIODONTIC),"20,000","30,000","August 31, 2023",556,mmc-price-list
92,2,BONE MARROW ASPIRATION AND BIOPSY - HEMATOLOGY,"15,000","20,000","August 31, 2023",619,mmc-price-list
93,2,BONE MARROW ASPIRATION WITH/WITHOUT BIOPSY - PEDIATRICS,"7,500","15,000","August 31, 2023",5,mmc-price-list
94,2,BOTOLINUM TOXIN / FILLER INJECTION - DERMATOLOGY,"5,600","60,000","October 21, 2023",602,mmc-price-list
95,2,BOTOLINUM TOXIN INJECTION - NEUROLOGICAL SCIENCES,"10,000","15,000","August 31, 2023",70,mmc-price-list
96,2,BOTULINUM TOXIN INJECTION: PROCEDURE ONLY - PHYSICAL MEDICINE AND REHABILITATION,"10,000","20,000","August 31, 2023",351,mmc-price-list
97,2,BRACHIOPLASTY (ARM LIFT) 3 HOURS - SURGERY,"65,000","95,000","August 31, 2023",589,mmc-price-list
98,2,BREAST AUGMENTATION (IMPLANT EXCLUDED) 2 HOURS - SURGERY,"71,500","101,500","August 31, 2023",590,mmc-price-list
99,2,BREAST LIFT (MASTOPEXY) 3 HOURS - SURGERY,"97,500","117,500","August 31, 2023",591,mmc-price-list
100,2,BREAST REDUCTION 4 HOURS - SURGERY,"117,000","147,000","August 31, 2023",593,mmc-price-list
101,2,BREAST SURGERY- EXCISION OF BENIGN TUMOR- MULTIPLE - ANESTHESIOLOGY,100,"45,000","August 31, 2023",386,mmc-price-list
102,2,BREAST SURGERY- EXCISION OF BENIGN TUMOR- MULTIPLE - SURGERY,"62,500","87,500","August 31, 2023",407,mmc-price-list
103,2,BREAST SURGERY- EXCISION OF BENIGN TUMOR- SINGLE - ANESTHESIOLOGY,100,"26,250","August 31, 2023",385,mmc-price-list
104,2,BREAST SURGERY- EXCISION OF BENIGN TUMOR- SINGLE - SURGERY,"37,500","52,500","August 31, 2023",406,mmc-price-list
105,2,BREAST SURGERY- I&D OF ABSCESS - ANESTHESIOLOGY,100,"43,750","August 31, 2023",384,mmc-price-list
106,2,BREAST SURGERY- I&D OF ABSCESS - SURGERY,"62,500","87,500","August 31, 2023",402,mmc-price-list
107,2,BURN DEBRIDEMENT - ANESTHESIOLOGY,"6,000","10,000","August 31, 2023",411,mmc-price-list
108,2,BURN DEBRIDEMENT - SURGERY,"15,000","20,000","August 31, 2023",442,mmc-price-list
109,2,BURN DRESSING- EXTENSIVE - EMERGENCY MEDICINE,"6,000","6,000","August 31, 2023",682,mmc-price-list
110,2,BURN DRESSING- MINIMAL - EMERGENCY MEDICINE,"4,800","4,800","August 31, 2023",681,mmc-price-list
111,2,CABG WITH VALVE REPAIR OR REPLACEMENT - SURGERY,"550,000","900,000","August 31, 2023",494,mmc-price-list
112,2,CARDIOLOGY - PEDIATRICS (OUTPATIENT CONSULTATIONS),"1,000","2,500","August 31, 2023",718,mmc-price-list
113,2,CARPAL TUNNEL RELEASE ( LOCAL ANESTH) - ORTHOPEDIC SURGERY,"18,000","30,000","August 31, 2023",197,mmc-price-list
114,2,CARPAL TUNNEL RELEASE ( LOCALANESTH) - ANESTHESIOLOGY,"7,200","15,000","August 31, 2023",277,mmc-price-list
115,2,CATARACT EXTRACTION ( ADULT ) - OPHTHALMOLOGY,"20,000","50,000","August 31, 2023",125,mmc-price-list
116,2,CATARACT EXTRACTION( ADULT ) - ANESTHESIOLOGY,"8,000","25,000","August 31, 2023",51,mmc-price-list
117,2,CAUTERY (SILVER NITRATE) - OTORHINOLARYNGOLOGY,"2,000","3,000","August 31, 2023",289,mmc-price-list
118,2,CCU (PROFESSIONAL FEE) - ONCOLOGY,"1,800","3,000","August 31, 2023",658,mmc-price-list
119,2,CENTRAL AORTIC (ABDOMINAL) - ANESTHESIOLOGY,"140,000","250,000","August 31, 2023",441,mmc-price-list
120,2,CENTRAL AORTIC (ABDOMINAL) - SURGERY,"350,000","500,000","August 31, 2023",475,mmc-price-list
121,2,CENTRAL LINE INSERTION - EMERGENCY MEDICINE,"6,000","6,000","August 31, 2023",632,mmc-price-list
122,2,CENTRAL LINE INSERTION - PEDIATRICS,"15,000","15,000","October 23, 2023",747,mmc-price-list
123,2,CERCLAGE - ANESTHESIOLOGY,"8,000","25,000","August 31, 2023",84,mmc-price-list
124,2,CERCLAGE - OBSTETRICS AND GYNECOLOGY,"20,000","50,000","August 31, 2023",111,mmc-price-list
125,2,CEREBROVASCULAR- EXTRACRANIAL - ANESTHESIOLOGY,"140,000","250,000","August 31, 2023",443,mmc-price-list
126,2,CEREBROVASCULAR- EXTRACRANIAL - SURGERY,"350,000","500,000","August 31, 2023",476,mmc-price-list
127,2,CERVICAL CONIZATION - ANESTHESIOLOGY,"6,000","30,000","August 31, 2023",65,mmc-price-list
128,2,CERVICAL CONIZATION - OBSTETRICS AND GYNECOLOGY,"15,000","60,000","August 31, 2023",100,mmc-price-list
129,2,CERVICAL LAMINECTOMY WITH FUSION (EXCLUSIVE OF IMPLANT) 3-4 LEVELS - ANESTHESIOLOGY,"40,000","125,000","August 31, 2023",334,mmc-price-list
130,2,CERVICAL LAMINECTOMY WITH FUSION (EXCLUSIVE OF IMPLANT) 3-4 LEVELS - ORTHOPEDIC SURGERY,"250,000","300,000","August 31, 2023",260,mmc-price-list
131,2,CERVICAL LAMINOPLASTY 3-4 LEVELS - ANESTHESIOLOGY,"80,000","125,000","August 31, 2023",332,mmc-price-list
132,2,CERVICAL LAMINOPLASTY 3-4 LEVELS - ORTHOPEDIC SURGERY,"200,000","250,000","August 31, 2023",259,mmc-price-list
133,2,CERVICAL POLYPECTOMY WITH ECC - ANESTHESIOLOGY,"5,000","15,000","August 31, 2023",63,mmc-price-list
134,2,CERVICAL POLYPECTOMY WITH ECC - OBSTETRICS AND GYNECOLOGY,"2,000","30,000","August 31, 2023",98,mmc-price-list
135,2,CESAREAN SECTION - ANESTHESIOLOGY,"12,000","120,000","August 31, 2023",89,mmc-price-list
136,2,CESAREAN SECTION - OBSTETRICS AND GYNECOLOGY,"18,000","240,000","August 31, 2023",115,mmc-price-list
137,2,CHANGE OF TRACHEOSTOMY - EMERGENCY MEDICINE,"1,200","1,200","August 31, 2023",646,mmc-price-list
138,2,CHANGE OF TUBE- GATROSTOMY - EMERGENCY MEDICINE,"1,800","1,800","August 31, 2023",645,mmc-price-list
139,2,CHEEK AUGMENTATION 2 HOURS - SURGERY,"45,500","75,500","August 31, 2023",566,mmc-price-list
140,2,CHEMICAL/MECHANICAL PEELS - DERMATOLOGY,500,"5,000","October 21, 2023",596,mmc-price-list
141,2,CHILD HERNIOTOMY - ANESTHESIOLOGY,"14,000","42,500","August 31, 2023",397,mmc-price-list
142,2,CHIN AUGMENTATION 1 HOUR - SURGERY,"32,500","62,500","August 31, 2023",568,mmc-price-list
143,2,CHIN REDUCTION 2 HOURS - SURGERY,"58,500","88,500","August 31, 2023",570,mmc-price-list
144,2,CLINIC CONSULTATION - SURGERY (COLORECTAL),"1,500","5,000","August 31, 2023",519,mmc-price-list
145,2,CLINIC CONSULTATION - SURGERY (GENERAL SURGERY),"1,000","5,000","August 31, 2023",391,mmc-price-list
146,2,CLINICAL & METABOLIC GENETICS - PEDIATRICS (OUTPATIENT CONSULTATIONS),"2,000","3,500","August 31, 2023",719,mmc-price-list
147,2,CLOSED REDUCTION DISTAL RADIUS - ANESTHESIOLOGY,"6,000","20,000","August 31, 2023",312,mmc-price-list
148,2,CLOSED REDUCTION DISTAL RADIUS - ORTHOPEDIC SURGERY,"15,000","40,000","August 31, 2023",245,mmc-price-list
149,2,CLOSED REDUCTION DISTAL RADIUS WITH PINNING - ANESTHESIOLOGY,"10,000","25,000","August 31, 2023",313,mmc-price-list
150,2,CLOSED REDUCTION DISTAL RADIUS WITH PINNING - ORTHOPEDIC SURGERY,"25,000","50,000","August 31, 2023",246,mmc-price-list
151,2,CLOSED REDUCTION- CLAVICLE - EMERGENCY MEDICINE,"3,600","3,600","August 31, 2023",688,mmc-price-list
152,2,CLOSED REDUCTION- ELBOW - EMERGENCY MEDICINE,"7,200","7,200","August 31, 2023",684,mmc-price-list
153,2,CLOSED REDUCTION- ELBOW DISLOCATION - ANESTHESIOLOGY,"4,000","12,500","August 31, 2023",203,mmc-price-list
154,2,CLOSED REDUCTION- ELBOW DISLOCATION - ORTHOPEDIC SURGERY,"10,000","25,000","August 31, 2023",169,mmc-price-list
155,2,CLOSED REDUCTION- KNEE - EMERGENCY MEDICINE,"7,200","7,200","October 21, 2023",685,mmc-price-list
156,2,CLOSED REDUCTION- PATELLA - EMERGENCY MEDICINE,"14,400","14,400","August 31, 2023",686,mmc-price-list
157,2,CLOSED REDUCTION- PELVIC FRACTURE - ANESTHESIOLOGY,"8,000","15,000","August 31, 2023",207,mmc-price-list
158,2,CLOSED REDUCTION- PELVIC FRACTURE - ORTHOPEDIC SURGERY,"20,000","30,000","August 31, 2023",173,mmc-price-list
159,2,CLOSED REDUCTION- SHOULDER - EMERGENCY MEDICINE,"7,200","7,200","August 31, 2023",683,mmc-price-list
160,2,CLOSED REDUCTION- SHOULDER DISLOCATION - ANESTHESIOLOGY,"4,000","10,000","August 31, 2023",186,mmc-price-list
161,2,CLOSED REDUCTION- SHOULDER DISLOCATION - ORTHOPEDIC SURGERY,"10,000","20,000","August 31, 2023",164,mmc-price-list
162,2,CLOSED REDUCTION- TMJ - EMERGENCY MEDICINE,"6,000","6,000","August 31, 2023",687,mmc-price-list
163,2,CLOSED TUBE THORACOSTOMY - SURGERY,"25,000","70,000","August 31, 2023",501,mmc-price-list
164,2,CLOSED- TUBE THORACOSTOMY - EMERGENCY MEDICINE,"11,400","11,400","August 31, 2023",637,mmc-price-list
165,2,COLON RESECTION (LAPAROSCOPIC) - SURGERY,"2,000","300,000","August 31, 2023",523,mmc-price-list
166,2,COLON RESECTION (OPEN) - SURGERY,"2,000","250,000","August 31, 2023",520,mmc-price-list
167,2,COLONOSCOPY - ANESTHESIOLOGY,"6,000","10,000","August 31, 2023",376,mmc-price-list
168,2,COLONOSCOPY - GASTROENTEROLOGY,"13,440","33,600","August 31, 2023",608,mmc-price-list
169,2,COLONOSCOPY - PEDIATRICS (ADMISSIONS / REFERRALS / PROCEDURES),"15,000","20,000","October 23, 2023",775,mmc-price-list
170,2,COLOSTOMY/ENTEROSTOMY (LAPAROSCOPIC) - SURGERY,"2,000","200,000","August 31, 2023",530,mmc-price-list
171,2,COLOSTOMY/ENTEROSTOMY (OPEN) - SURGERY,"2,000","150,000","August 31, 2023",528,mmc-price-list
172,2,COLPOSCOPIC GUIDED CERVICAL BIOPSY - ANESTHESIOLOGY,"5,000","15,000","August 31, 2023",62,mmc-price-list
173,2,COLPOSCOPIC-GUIDED CERVICAL BIOPSY - OBSTETRICS AND GYNECOLOGY,"5,000","30,000","August 31, 2023",97,mmc-price-list
174,2,COMPLETE DENTURE SET - DENTAL MEDICINE (PROSTHODONTIC),"110,000","110,000","August 31, 2023",574,mmc-price-list
175,2,COMPLETION CURETTAGE - ANESTHESIOLOGY,"5,000","40,000","August 31, 2023",83,mmc-price-list
176,2,COMPLETION CURETTAGE - OBSTETRICS AND GYNECOLOGY,"5,000","80,000","August 31, 2023",110,mmc-price-list
177,2,COMPOSITE RESTORATION - DENTAL MEDICINE - GENERAL DENTISTRY,"2,000","5,000","August 31, 2023",455,mmc-price-list
178,2,COMPREHENSIVE ADOLESCENT ASSESSMENT - PEDIATRICS,"5,000","5,000","October 23, 2023",763,mmc-price-list
179,2,CONGENITAL HIP DISLOCATION SURGERY WITH OSTEOTOMY - ANESTHESIOLOGY,"40,000","75,000","August 31, 2023",326,mmc-price-list
180,2,CONGENITAL HIP DISLOCATION SURGERY WITH OSTEOTOMY - ORTHOPEDIC SURGERY,"100,000","150,000","August 31, 2023",252,mmc-price-list
181,2,CONSULTATION - NUCLEAR MEDICINE,"1,000","2,000","October 21, 2023",664,mmc-price-list
182,2,CONSULTATION - OFFICE PROCEDURE - OBSTETRICS AND GYNECOLOGY,300,"3,000","August 31, 2023",92,mmc-price-list
183,2,CONSULTATION FEE (ACUTE AND CRITICAL HMO) - EMERGENCY MEDICINE,800,800,"August 31, 2023",615,mmc-price-list
184,2,CONSULTATION FEE (ACUTE AND CRITICAL PRIVATE) - EMERGENCY MEDICINE,"1,000","1,000","August 31, 2023",617,mmc-price-list
185,2,CONSULTATION FEE (FOLLOW UP) - ONCOLOGY,"1,200","1,800","August 31, 2023",655,mmc-price-list
186,2,CONSULTATION FEE (NEW PATIENT) - ONCOLOGY,"2,000","3,000","August 31, 2023",654,mmc-price-list
187,2,CONSULTATION FEE (PRIMARY HMO) - EMERGENCY MEDICINE,500,500,"August 31, 2023",612,mmc-price-list
188,2,CONSULTATION FEE (PRIVATE) - EMERGENCY MEDICINE,800,800,"August 31, 2023",614,mmc-price-list
189,2,CONSULTATION FEE - DENTAL MEDICINE (GENERAL DENTISTRY),"1,000","2,000","August 31, 2023",453,mmc-price-list
190,2,CONSULTATION FEE - DENTAL MEDICINE (GENERAL DENTISTRY),"1,000","2,000","August 31, 2023",90,mmc-price-list
191,2,CONSULTATION FEE - OTORHINOLARYNGOLOGY,"1,000","2,000","August 31, 2023",276,mmc-price-list
192,2,CONSULTATION OUTPATIENT - CARDIOLOGY,"1,000","4,000","August 31, 2023",697,mmc-price-list
193,2,CONTRAST PROCEDURE (ARTHROGRAM- FISTULOGRAM) - RADIOLOGY,"10,000","35,000","August 31, 2023",370,mmc-price-list
194,2,CORE NEEDLE BIOPSY - ANESTHESIOLOGY,"2,000","7,500","August 31, 2023",299,mmc-price-list
195,2,CORE NEEDLE BIOPSY - ORTHOPEDIC SURGERY,"5,000","15,000","August 31, 2023",225,mmc-price-list
196,2,CORONARY ANGIOGRAM - CARDIOLOGY,"25,000","40,000","August 31, 2023",706,mmc-price-list
197,2,CORONARY ANGIOPLASTY [SINGLE VESSEL- SINGLE BALLOON/ SINGLE STENT- NON-EMERGENCY - CARDIOLOGY,"180,000","250,000","August 31, 2023",707,mmc-price-list
198,2,CORONARY ARTERY BYPASS GRAFT - SURGERY,"550,000","900,000","August 31, 2023",491,mmc-price-list
199,2,CORONARY ARTERY DISEASE INPATIENT PER DAY - CARDIOLOGY,"3,000","15,000","August 31, 2023",700,mmc-price-list
200,2,CORRECTION OF CONGENITAL HEART DEFECTS - SURGERY,"550,000","900,000","August 31, 2023",498,mmc-price-list
201,2,COVID SWAB - EMERGENCY MEDICINE,"1,200","1,200","August 31, 2023",693,mmc-price-list
202,2,COVID WARD - CARDIOLOGY,"4,500","9,000","October 23, 2023",761,mmc-price-list
203,2,COVID WARD: CRITICAL - PULMONARY MEDICINE,"5,000","7,000","August 31, 2023",29,mmc-price-list
204,2,COVID WARD: MODERATE - PULMONARY MEDICINE,"3,000","5,000","August 31, 2023",27,mmc-price-list
205,2,COVID WARD: SEVERE - PULMONARY MEDICINE,"4,000","6,000","August 31, 2023",28,mmc-price-list
206,2,CREATION OF PLEURO-PERICARDIAL WINDOW - SURGERY,"50,000","95,000","August 31, 2023",492,mmc-price-list
207,2,CRICOTHYROTOMY - EMERGENCY MEDICINE,"10,200","10,200","August 31, 2023",630,mmc-price-list
208,2,CRITICAL CARE STABILIZATION (CPR ONLY) - EMERGENCY MEDICINE,"2,400","2,400","August 31, 2023",624,mmc-price-list
209,2,CRITICAL CARE STABILIZATION (CPR- ETC.) - EMERGENCY MEDICINE,"7,200","7,200","August 31, 2023",622,mmc-price-list
210,2,CRYOTHERAPY - DERMATOLOGY,800,"5,000","October 21, 2023",598,mmc-price-list
211,2,CS HYSTERECTOMY - ANESTHESIOLOGY,"20,000","200,000","August 31, 2023",91,mmc-price-list
212,2,CS HYSTERECTOMY - OBSTETRICS & GYNECOLOGY,"50,000","400,000","October 20, 2023",116,mmc-price-list
213,2,CUFFED CHRONIC CATH (PERMCATH) - SURGERY,"45,000","65,000","August 31, 2023",452,mmc-price-list
214,2,CUFFED CHRONIC CATH (PERMCATH)- ANESTHESIOLOGY,"18,000","32,500","August 31, 2023",422,mmc-price-list
215,2,CYSTO DOUBLE J - ANESTHESIOLOGY,"1,000","40,000","August 31, 2023",444,mmc-price-list
216,2,CYSTO DOUBLE J - SURGERY,"2,000","80,000","August 31, 2023",478,mmc-price-list
217,2,DAILY RATE BEYOND 24 HR - EMERGENCY MEDICINE,"1,000","1,000","August 31, 2023",618,mmc-price-list
218,2,DEBRIDEMENT FOR OPEN WOUNDS OR INFECTION (PER SESSION) - ANESTHESIOLOGY,"3,200","10,000","August 31, 2023",117,mmc-price-list
219,2,DEBRIDEMENT FOR OPEN WOUNDS OR INFECTION (PER SESSION) - ORTHOPEDIC SURGERY,"8,000","20,000","September 01, 2023",135,mmc-price-list
220,2,DEBRIDEMENT OF DEEP SPACE ABSCESS 25-40 K - ANESTHESIOLOGY,"12,000","25,000","August 31, 2023",296,mmc-price-list
221,2,DEBRIDEMENT OF DEEP SPACE ABSCESS 25-40 K - ORTHOPEDIC SURGERY,"30,000","50,000","August 31, 2023",215,mmc-price-list
222,2,DEBRIDEMENT OF SEPTIC TENOSYNOVITIS - ANESTHESIOLOGY,"12,000","25,000","August 31, 2023",295,mmc-price-list
223,2,DEBRIDEMENT OF SEPTIC TENOSYNOVITIS - ORTHOPEDIC SURGERY,"30,000","50,000","August 31, 2023",213,mmc-price-list
224,2,DEBRIDEMENT PARONYCHIA (LOCAL ANESTH) - ANESTHESIOLOGY,"6,000","12,500","August 31, 2023",297,mmc-price-list
225,2,DEBRIDEMENT PARONYCHIA (LOCAL ANESTH) - ORTHOPEDIC SURGERY,"15,000","25,000","August 31, 2023",217,mmc-price-list
226,2,DENTAL IMPLANT BODY (DEPENDING ON IMPLANT SYSTEM USED) - DENTAL MEDICINE (PERIODONTIC),"50,000","75,000","August 31, 2023",557,mmc-price-list
227,2,DENTAL X-RAY/RADIOGRAPH - DENTAL MEDICINE (ENDODONTIC),500,500,"August 31, 2023",565,mmc-price-list
228,2,DENTAL X-RAY/RADIOGRAPH - DENTAL MEDICINE (GENERAL DENTISTRY),400,500,"August 31, 2023",456,mmc-price-list
229,2,DERMOSCOPY - DERMATOLOGY,"2,500","5,000","August 31, 2023",610,mmc-price-list
230,2,DEVELOPMENTAL PEDIATRICS 1ST CONSULT - PEDIATRICS,"4,000","5,000","October 23, 2023",764,mmc-price-list
231,2,DEVELOPMENTAL PEDIATRICS SUCCEEDING CONSULTS - PEDIATRICS,"2,000","2,500","October 23, 2023",765,mmc-price-list
232,2,EBUS - ANESTHESIOLOGY,"16,000","25,000","September 01, 2023",50,mmc-price-list
233,2,EBUS - PULMONARY MEDICINE,"40,000","50,000","September 01, 2023",35,mmc-price-list
234,2,ED - ONCOLOGY,"1,500","2,000","September 01, 2023",659,mmc-price-list
235,2,EHBSO WITH BLND - ANESTHESIOLOGY,"40,000","200,000","September 01, 2023",81,mmc-price-list
236,2,EHBSO WITH BLND - OBSTETRICS & GYNECOLOGY,"100,000","400,000","September 01, 2023",109,mmc-price-list
237,2,ELECTROCAUTERY - DERMATOLOGY,500,"5,000","October 21, 2023",597,mmc-price-list
238,2,ELECTROCONVULSIVE THERAPY (ECT) CONSULTANTS FEE - NEUROLOGICAL SCIENCES,"5,000","7,000","September 01, 2023",76,mmc-price-list
239,2,EMERGENCY CIRCUMCISION - EMERGENCY MEDICINE,"1,800","1,800","September 01, 2023",690,mmc-price-list
240,2,ENDOCRINOLOGY - PEDIATRICS,"1,000","2,500","October 23, 2023",766,mmc-price-list
241,2,ENDOMETRIAL BIOPSY - ANESTHESIOLOGY,"5,000","15,000","September 01, 2023",64,mmc-price-list
242,2,ENDOMETRIAL BIOPSY - OBSTETRICS & GYNECOLOGY,"2,000","30,000","September 01, 2023",99,mmc-price-list
243,2,ENDOSCOPIC FOREHEAD WITH BROW LIFT 2 HOURS - SURGERY,"104,000","134,000","September 01, 2023",579,mmc-price-list
244,2,ENDOSCOPIC PLANTAR FASCIAL RELEASE - ANESTHESIOLOGY,"18,000","30,000","September 01, 2023",355,mmc-price-list
245,2,ENDOSCOPIC PLANTAR FASCIAL RELEASE - ORTHOPEDIC SURGERY,"45,000","60,000","September 01, 2023",274,mmc-price-list
246,2,ENDOSCOPIC SPINE SURGERY 1-LEVEL - ANESTHESIOLOGY,"40,000","75,000","September 01, 2023",338,mmc-price-list
247,2,ENDOSCOPIC SPINE SURGERY 1-LEVEL - ORTHOPEDIC SURGERY,"100,000","150,000","September 01, 2023",262,mmc-price-list
248,2,EPS AND ABLATION - CARDIOLOGY,"150,000","250,000","September 01, 2023",704,mmc-price-list
249,2,ESOPHAGOGASTRODUODENOSCOPY - GASTROENTEROLOGY,"10,080","25,200","September 01, 2023",607,mmc-price-list
250,2,EVACUATION OF SUBUNGUAL HEMATOMA - EMERGENCY MEDICINE,"1,200","1,200","September 01, 2023",679,mmc-price-list
251,2,EXCISION - DERMATOLOGY,"1,000","15,000","August 31, 2023",604,mmc-price-list
252,2,EXCISION 1 HOUR - SURGERY,"13,000","43,000","September 01, 2023",576,mmc-price-list
253,2,EXCISION GANGLION (LOCAL ANESTH) - ANESTHESIOLOGY,"6,000","12,500","September 01, 2023",287,mmc-price-list
254,2,EXCISION GANGLION (LOCAL ANESTH) - ORTHOPEDIC SURGERY,"15,000","25,000","September 01, 2023",200,mmc-price-list
255,2,EXCISION OF CARDIAC TUMOR - SURGERY,"550,000","900,000","September 01, 2023",497,mmc-price-list
256,2,EXCISION OF EXOSTOSIS- ACHILLES TENDON RE-ATTACHMENT - ANESTHESIOLOGY,"32,000","50,000","September 01, 2023",345,mmc-price-list
257,2,EXCISION OF EXOSTOSIS- ACHILLES TENDON RE-ATTACHMENT - ORTHOPEDIC SURGERY,"80,000","100,000","September 01, 2023",268,mmc-price-list
258,2,EXCISION OF GCT OF TENDON SHEATH ( LOCAL ANESTH) - ORTHOPEDIC SURGERY,"30,000","45,000","September 01, 2023",199,mmc-price-list
259,2,EXCISION OF GCT OF TENDON SHEATH ( LOCALANESTH) - ANESTHESIOLOGY,"12,000","22,500","October 21, 2023",285,mmc-price-list
260,2,EXCISION OF NAIL- PARTIAL/ COMPLETE - EMERGENCY MEDICINE,"1,200","1,200","September 01, 2023",678,mmc-price-list
261,2,EXLAP WITH ADNEXECTOMY - ANESTHESIOLOGY,"12,000","100,000","September 01, 2023",80,mmc-price-list
262,2,EXLAP WITH ADNEXECTOMY - OBSTETRICS & GYNECOLOGY,"15,000","200,000","September 01, 2023",108,mmc-price-list
263,2,EXTENSOR TENDON REPAIR PER FINGER - ANESTHESIOLOGY,"10,000","20,000","September 01, 2023",293,mmc-price-list
264,2,EXTENSOR TENDON REPAIR PER FINGER - ORTHOPEDIC SURGERY,"25,000","40,000","September 01, 2023",208,mmc-price-list
265,2,EXTERNAL FIXATION DISTAL RADIUS FRACTURE (WITH COBRA FIXATOR) - ANESTHESIOLOGY,"10,000","25,000","September 01, 2023",161,mmc-price-list
266,2,EXTERNAL FIXATION DISTAL RADIUS FRACTURE (WITH COBRA FIXATOR) - ORTHOPEDIC SURGERY,"25,000","50,000","September 01, 2023",148,mmc-price-list
267,2,EXTRA-ORAL/SUBMANDIBULAR/SUBMENTAL - ANESTHESIOLOGY,"6,000","25,000","August 31, 2023",12,mmc-price-list
268,2,EXTRA-ORAL/SUBMANDIBULAR/SUBMENTAL INCISION AND DRAINAGE - DENTAL MEDICINE (ORAL MAXILLO FACIAL SURGERY),"15,000","50,000","August 31, 2023",489,mmc-price-list
269,2,EXTRACTION - DENTAL MEDICINE (PEDIATRIC),"2,000","10,000","August 31, 2023",532,mmc-price-list
270,2,FACELIFT 2 HOURS - SURGERY,"104,000","124,000","September 01, 2023",600,mmc-price-list
271,2,FAT TRANSPLANT - SURGERY,"32,500","95,000","September 01, 2023",583,mmc-price-list
272,2,FIXED PARTIAL DENTURES - DENTAL MEDICINE (PROSTHODONTIC),"22,000","30,000","August 31, 2023",580,mmc-price-list
273,2,FLEXIBLE NASOPHARYNGOSCOPY - ANESTHESIOLOGY,"2,000","5,000","September 01, 2023",373,mmc-price-list
274,2,FLEXIBLE NASOPHARYNGOSCOPY - OTORHINOLARYNGOLOGY,"5,000","10,000","September 01, 2023",281,mmc-price-list
275,2,FLEXOR TENDON REPAIR PER FINGER - ANESTHESIOLOGY,"12,000","25,000","September 01, 2023",291,mmc-price-list
276,2,FLEXOR TENDON REPAIR PER FINGER - ORTHOPEDIC SURGERY,"30,000","50,000","September 01, 2023",202,mmc-price-list
277,2,FLOUROSCOPIC GUIDED LUNG BIOPSY - ANESTHESIOLOGY,"10,000","20,000","September 01, 2023",48,mmc-price-list
278,2,FLOUROSCOPIC GUIDED LUNG BIOPSY - PULMONARY MEDICINE,"25,000","30,000","September 01, 2023",33,mmc-price-list
279,2,FNAB - OTORHINOLARYNGOLOGY,"5,000","8,000","September 01, 2023",286,mmc-price-list
280,2,FOCAL RETINAL LASER PHOTOCOAGULATION - OPHTHALMOLOGY,"10,000","20,000","September 01, 2023",122,mmc-price-list
281,2,FOLLOW UP - ENDOCRINOLOGY,800,"2,000","September 01, 2023",712,mmc-price-list
282,2,FOOT & ANKLE ARTHROSCOPY - ANESTHESIOLOGY,"20,000","45,000","September 01, 2023",156,mmc-price-list
283,2,FOOT & ANKLE ARTHROSCOPY - ORTHOPEDIC SURGERY,"50,000","90,000","September 01, 2023",144,mmc-price-list
284,2,FOREHEAD LIFT WITH BROW LIFT - SURGERY,"104,000","134,000","September 01, 2023",581,mmc-price-list
285,2,FOREIGN BODY REMOVAL - EMERGENCY MEDICINE,"1,200","1,200","September 01, 2023",674,mmc-price-list
286,2,FOREIGN BODY REMOVAL- EXT. EYE - EMERGENCY MEDICINE,"1,200","1,200","September 01, 2023",675,mmc-price-list
287,2,FOREQUARTER- HINDQUARTER AMPUTATION - ANESTHESIOLOGY,"36,000","75,000","September 01, 2023",304,mmc-price-list
288,2,FOREQUARTER- HINDQUARTER AMPUTATION - ORTHOPEDIC SURGERY,"90,000","150,000","September 01, 2023",233,mmc-price-list
289,2,GASTRO/COLO - ANESTHESIOLOGY,"12,000","15,000","October 21, 2023",377,mmc-price-list
290,2,GASTRO/COLO - PEDIATRICS,"30,000","30,000","September 01, 2023",1,mmc-price-list
291,2,GASTROENTEROLOGY - PEDIATRICS (OUTPATIENT CONSULTATIONS),"1,500","2,000","October 23, 2023",767,mmc-price-list
292,2,GASTROSCOPY - ANESTHESIOLOGY,"4,800","7,500","September 01, 2023",375,mmc-price-list
293,2,GASTROSCOPY - PEDIATRICS (ADMISSIONS / REFERRALS / PROCEDURES),"12,000","15,000","October 23, 2023",774,mmc-price-list
294,2,GENERAL PEDIATRICS - PEDIATRICS,500,"1,000","September 01, 2023",2,mmc-price-list
295,2,GUIDED BONE REGENERATION - DENTAL MEDICINE (ORAL MAXILLO FACIAL SURGERY),"75,000","100,000","August 31, 2023",514,mmc-price-list
296,2,GUIDED BONE REGENERATION PER AREA - ANESTHESIOLOGY,"30,000","50,000","September 01, 2023",18,mmc-price-list
297,2,HEMATOLOGY CLEARANCE - HEMATOLOGY,"1,000","3,000","September 01, 2023",631,mmc-price-list
298,2,HEMATOLOGY/ONCOLOGY - PEDIATRICS (OUTPATIENT CONSULTATIONS),800,"2,500","October 23, 2023",721,mmc-price-list
299,2,HEMODIALYSIS/HEMODIAFILTRATION/HEMOPERFUSION/PERITONEAL DIALYSIS INP FEE - NEPHROLOGY,"1,700","35,000","September 01, 2023",649,mmc-price-list
300,2,HEMODIALYSIS/HEMODIAFILTRATION/HEMOPERFUSION/PERITONEAL DIALYSIS OUP FEE - NEPHROLOGY,"1,000","3,000","September 01, 2023",647,mmc-price-list
301,2,HEMORRHOIDECTOMY - SURGERY,"2,000","80,000","September 01, 2023",537,mmc-price-list
302,2,HEMORRHOIDECTOMY SIMPLE - ANESTHESIOLOGY,100,"45,000","September 01, 2023",389,mmc-price-list
303,2,HEMORRHOIDECTOMY SIMPLE - SURGERY,"62,500","87,500","September 01, 2023",413,mmc-price-list
304,2,HERNIA - ANESTHESIOLOGY,"1,000","75,000","September 01, 2023",447,mmc-price-list
305,2,HERNIA - SURGERY,"2,000","150,000","September 01, 2023",481,mmc-price-list
306,2,HERNIOTOMY- CHILD - SURGERY,"35,000","85,000","September 01, 2023",419,mmc-price-list
307,2,HERNIOTOMY- NEONATE - SURGERY,"65,000","95,000","September 01, 2023",420,mmc-price-list
308,2,HYDRATION - EMERGENCY MEDICINE,600,600,"September 01, 2023",648,mmc-price-list
309,2,HYDROCELECTOMY - ANESTHESIOLOGY,"14,000","45,000","September 01, 2023",408,mmc-price-list
310,2,HYDROCELECTOMY - SURGERY,"35,000","90,000","September 01, 2023",438,mmc-price-list
311,2,HYSTERESCOPY WITH RESECTION - ANESTHESIOLOGY,"6,000","60,000","September 01, 2023",67,mmc-price-list
312,2,HYSTEROGRAM - ANESTHESIOLOGY,"5,000","20,000","September 01, 2023",72,mmc-price-list
313,2,HYSTEROGRAM - OBSTETRICS & GYNECOLOGY,"5,000","40,000","September 01, 2023",103,mmc-price-list
314,2,HYSTEROSCOPY - ANESTHESIOLOGY,"6,000","50,000","October 20, 2023",66,mmc-price-list
315,2,HYSTEROSCOPY - OBSTETRICS & GYNECOLOGY,"15,000","100,000","September 01, 2023",101,mmc-price-list
316,2,HYSTEROSCOPY WITH RESECTION - OBSTETRICS & GYNECOLOGY,"15,000","120,000","September 01, 2023",102,mmc-price-list
317,2,IABP INSERTION - CARDIOLOGY,"30,000","50,000","September 01, 2023",708,mmc-price-list
318,2,ICU - CARDIOLOGY,"3,850","11,550","October 23, 2023",760,mmc-price-list
319,2,ICU - PULMONARY MEDICINE,"4,000","6,000","September 01, 2023",26,mmc-price-list
320,2,IJ CATHETER INSERTION - CARDIOLOGY,"25,000","35,000","September 01, 2023",711,mmc-price-list
321,2,IJ/FEM (TEMP) - ANESTHESIOLOGY,"10,000","22,500","September 01, 2023",418,mmc-price-list
322,2,IJ/FEM (TEMP) - SURGERY,"25,000","45,000","September 01, 2023",451,mmc-price-list
323,2,IMAGE-GUIDED ABLATION - RADIOLOGY,"50,000","170,000","September 01, 2023",366,mmc-price-list
324,2,IMAGE-GUIDED BIOPSY - RADIOLOGY,"10,000","75,000","September 01, 2023",365,mmc-price-list
325,2,IMAGE-GUIDED CENTESIS - RADIOLOGY,"5,000","40,000","September 01, 2023",362,mmc-price-list
326,2,IMAGE-GUIDED DRAINAGE (PTBD- NEPHROSTOMY- CHOLECYSTOSTOMY) - RADIOLOGY,"30,000","90,000","September 01, 2023",364,mmc-price-list
327,2,IMAGE-GUIDED PAIN MANAGEMENT - RADIOLOGY,"15,000","60,000","October 21, 2023",369,mmc-price-list
328,2,IMAGE-GUIDED PIGTAIL CATHETER INSERTION - RADIOLOGY,"10,000","60,000","September 01, 2023",363,mmc-price-list
329,2,IMAGING GUIDANCE - RADIOLOGY,"5,000","20,000","September 01, 2023",371,mmc-price-list
330,2,IMPLANT SUPPORTED CROWNS - DENTAL MEDICINE (PROSTHODONTIC),"45,000","85,000","August 31, 2023",582,mmc-price-list
331,2,IMPLANTABLE PORT (PORTACATH) - ANESTHESIOLOGY,"22,000","37,500","September 01, 2023",424,mmc-price-list
332,2,IMPLANTABLE PORT (PORTACATH) - SURGERY,"55,000","75,000","September 01, 2023",457,mmc-price-list
333,2,IN-PATIENT CONSULTATION - DENTAL MEDICINE (ENDODONTIC),"1,500","1,500","August 31, 2023",559,mmc-price-list
334,2,IN-PATIENT CONSULTATION - DENTAL MEDICINE (PERIODONTIC),"2,500","2,500","October 21, 2023",754,mmc-price-list
335,2,IN-PATIENT CONSULTATION - DERMATOLOGY,100,"20,000","October 21, 2023",594,mmc-price-list
336,2,IN-PATIENT CONSULTATION FEE - DENTAL MEDICINE (ORAL MAXILLO FACIAL SURGERY ),"2,000","3,500","October 21, 2023",485,mmc-price-list
337,2,IN-PATIENT CONSULTATION FEE - DENTAL MEDICINE (PROSTHODONTIC),"2,500","2,500","August 31, 2023",569,mmc-price-list
338,2,IN-PATIENT TREATMENT PER HOSPITAL DAY ADMITTED - NEUROLOGICAL SCIENCES (NEUROLOGY),"1,500","6,000","September 01, 2023",57,mmc-price-list
339,2,IN-PATIENT TREATMENT PER HOSPITAL DAY ADMITTED - NEUROLOGICAL SCIENCES (NEUROSURGERY),"1,700","35,400","September 01, 2023",79,mmc-price-list
340,2,IN-PATIENT TREATMENT PER HOSPITAL DAY ADMITTED - NEUROLOGICAL SCIENCES (PSYCHIATRY),"3,500","3,500","September 01, 2023",71,mmc-price-list
341,2,INCISION & DRAINAGE - EMERGENCY MEDICINE,"1,320","1,320","September 01, 2023",680,mmc-price-list
342,2,INCISION AND CURETTAGE FOR CHALAZION - ANESTHESIOLOGY,"3,200","15,000","September 01, 2023",54,mmc-price-list
343,2,INCISION AND CURETTAGE FOR CHALAZION - OPHTHALMOLOGY,"8,000","15,000","September 01, 2023",128,mmc-price-list
344,2,INDIVIDUAL CROWNS - DENTAL MEDICINE (PROSTHODONTIC),"20,000","30,000","August 31, 2023",578,mmc-price-list
345,2,INFECTIOUS DISEASE - PEDIATRICS (OUTPATIENT CONSULTATIONS),900,"1,700","October 23, 2023",745,mmc-price-list
346,2,INFLIXIMAB INFUSION (DAY PROCEDURE) - PEDIATRICS,"6,000","6,000","September 01, 2023",4,mmc-price-list
347,2,INPATIENT DAILY RATE - HEMATOLOGY,"2,000","2,000","September 01, 2023",635,mmc-price-list
348,2,INPATIENT DAILY VISIT - ORTHOPEDIC SURGERY,"1,500","3,500","September 01, 2023",134,mmc-price-list
349,2,INSERTION OF CATHERER- URINARY - EMERGENCY MEDICINE,"1,200","1,200","September 01, 2023",644,mmc-price-list
350,2,INSERTION OF TUBE- NGT/OGT - EMERGENCY MEDICINE,"1,200","1,200","September 01, 2023",643,mmc-price-list
351,2,INTERCEPTIVE ORTHODONTIC MANAGEMENT - DENTAL MEDICINE,"50,000","100,000","August 31, 2023",461,mmc-price-list
352,2,INTRAARTICULAR/INTRALESIONAL HYALURONIC ACID OR STEROID INJECTION PER JOINT - RHEUMATOLOGY,"3,000","4,000","September 01, 2023",42,mmc-price-list
353,2,INTRALESIONAL STEROID INJECTION - DERMATOLOGY,500,"3,000","October 21, 2023",599,mmc-price-list
354,2,INTRAMUSCULAR CHEMOTHERAPY - PEDIATRICS,"1,500","2,500","October 23, 2023",6,mmc-price-list
355,2,INTRAOCULAR INJECTION OF MEDICATIONS - ANESTHESIOLOGY,"3,200","10,000","September 01, 2023",56,mmc-price-list
356,2,INTRAOCULAR INJECTION OF MEDICATIONS - OPHTHALMOLOGY,"8,000","20,000","September 01, 2023",131,mmc-price-list
357,2,INTRATHECAL CHEMOTHERAPY - PEDIATRICS (ADMISSIONS / REFERRALS / PROCEDURES),"5,000","8,000","October 23, 2023",776,mmc-price-list
358,2,INTUBATION- ENDO/NASOTRACHEAL - EMERGENCY MEDICINE,"1,800","1,800","September 01, 2023",627,mmc-price-list
359,2,INTUBATON- RAPID SEQUENCE - EMERGENCY MEDICINE,"5,400","5,400","September 01, 2023",628,mmc-price-list
360,2,INVISALIGN - DENTAL MEDICINE,"300,000","500,000","August 31, 2023",465,mmc-price-list
361,2,IRRIGATION WITH NSS - EMERGENCY MEDICINE,600,600,"September 01, 2023",653,mmc-price-list
362,2,IV ACCESS- CUTDOWN - EMERGENCY MEDICINE,"1,200","1,200","September 01, 2023",633,mmc-price-list
363,2,IV ACCESS- INTRAOSSEOUS - EMERGENCY MEDICINE,"1,200","1,200","October 21, 2023",636,mmc-price-list
364,2,IV ACCESS- UMBILICAL - EMERGENCY MEDICINE,"1,200","1,200","September 01, 2023",634,mmc-price-list
365,2,IVC FILTER - ANESTHESIOLOGY,"28,000","45,000","September 01, 2023",434,mmc-price-list
366,2,IVC FILTER - SURGERY,"70,000","90,000","September 01, 2023",470,mmc-price-list
367,2,IVC FILTER RETRIEVAL - ANESTHESIOLOGY,"30,000","47,500","September 01, 2023",435,mmc-price-list
368,2,IVC FILTER RETRIEVAL - SURGERY,"75,000","95,000","September 01, 2023",471,mmc-price-list
369,2,KIDNEY - ANESTHESIOLOGY,"1,000","100,000","September 01, 2023",446,mmc-price-list
370,2,KIDNEY - SURGERY,"2,000","200,000","September 01, 2023",480,mmc-price-list
371,2,KIDNEY BIOPSY - ANESTHESIOLOGY,"6,000","10,000","September 01, 2023",38,mmc-price-list
372,2,KIDNEY BIOPSY - NEPHROLOGY,"15,000","20,000","September 01, 2023",650,mmc-price-list
373,2,KIDNEY TRANSPLANTATION FEE PER DOCTOR - ANESTHESIOLOGY,"80,000","150,000","September 01, 2023",40,mmc-price-list
374,2,KIDNEY TRANSPLANTATION FEE PER DOCTOR - NEPHROLOGY,"200,000","300,000","September 01, 2023",652,mmc-price-list
375,2,KNEE JOINT INJECTION WITH HYALURONIC ACID - PHYSICAL MEDICINE AND REHABILITATION,"15,000","35,000","September 01, 2023",358,mmc-price-list
376,2,LACTATION CONSULT (1ST CONSULT) - PEDIATRICS (OUTPATIENT CONSULTATIONS),"1,500","2,500","October 23, 2023",768,mmc-price-list
377,2,LACTATION CONSULT (2ND CONSULT) - PEDIATRICS (OUTPATIENT CONSULTATIONS),"1,000","1,500","October 23, 2023",769,mmc-price-list
378,2,LACTATION CONSULT - PEDIATRICS (ADMISSIONS / REFERRALS / PROCEDURES),"2,500","5,000","October 23, 2023",770,mmc-price-list
379,2,LAP APPENDECTOMY - ANESTHESIOLOGY,100,"70,000","August 31, 2023",383,mmc-price-list
380,2,LAP APPENDECTOMY - SURGERY,"100,000","140,000","August 31, 2023",398,mmc-price-list
381,2,LAP CHOLECYSTECTOMY - ANESTHESIOLOGY,100,"70,000","August 31, 2023",380,mmc-price-list
382,2,LAP CHOLECYSTECTOMY - SURGERY,"100,000","140,000","August 31, 2023",395,mmc-price-list
383,2,LAPAROSCOPIC APPENDECTOMY - ANESTHESIOLOGY,"24,000","50,000","September 01, 2023",394,mmc-price-list
384,2,LAPAROSCOPIC APPENDECTOMY - SURGERY,"60,000","100,000","September 01, 2023",417,mmc-price-list
385,2,LAPAROSCOPIC HYSTERECTOMY - OBSTETRICS & GYNECOLOGY,"70,000","360,000","September 01, 2023",106,mmc-price-list
386,2,LAPAROSCOPIC ORCHIDOPEXY - ANESTHESIOLOGY,"24,000","47,500","September 01, 2023",403,mmc-price-list
387,2,LAPAROSCOPIC ORCHIDOPEXY - SURGERY,"60,000","95,000","September 01, 2023",423,mmc-price-list
388,2,LAPAROSCOPIC VARICOCELECTOMY - ANESTHESIOLOGY,"26,000","40,000","September 01, 2023",405,mmc-price-list
389,2,LAPAROSCOPIC VARICOCELECTOMY - SURGERY,"65,000","80,000","September 01, 2023",428,mmc-price-list
390,2,LAPAROSCOPY -MYOMA - ANESTHESIOLOGY,"28,000","150,000","September 01, 2023",75,mmc-price-list
391,2,LAPAROSCOPY HYSTERECTOMY - ANESTHESIOLOGY,"28,000","180,000","September 01, 2023",77,mmc-price-list
392,2,LAPAROSCOPY-ADNEXA - ANESTHESIOLOGY,"16,000","120,000","September 01, 2023",73,mmc-price-list
393,2,LAPAROSCOPY-ADNEXA - OBSTETRICS & GYNECOLOGY,"40,000","240,000","September 01, 2023",104,mmc-price-list
394,2,LAPAROSCOPY-MYOMA - OBSTETRICS & GYNECOLOGY,"70,000","300,000","September 01, 2023",105,mmc-price-list
395,2,LARGE PRIVATE - CARDIOLOGY,"3,150","9,450","October 23, 2023",758,mmc-price-list
396,2,LARGE PRIVATE ROOM - PULMONARY MEDICINE,"3,000","6,000","September 01, 2023",24,mmc-price-list
397,2,LASER IRIDOTOMY - OPHTHALMOLOGY,"10,000","20,000","September 01, 2023",123,mmc-price-list
398,2,LASER PER SESSION - DERMATOLOGY,"2,150","33,160","August 31, 2023",605,mmc-price-list
399,2,LASER TRABECULOPLASTY - OPHTHALMOLOGY,"15,000","25,000","September 01, 2023",124,mmc-price-list
400,2,LATARGET/BRISTOW SHOULDER STABILIZATION - ANESTHESIOLOGY,"36,000","60,000","September 01, 2023",154,mmc-price-list
401,2,LATARGET/BRISTOW SHOULDER STABILIZATION - ORTHOPEDIC SURGERY,"90,000","120,000","September 01, 2023",142,mmc-price-list
402,2,LEFT AND RIGHT HEART CATHETERIZATION - CARDIOLOGY,"35,000","60,000","September 01, 2023",705,mmc-price-list
403,2,LEGAL MEDICINE (VAT INCLUSIVE),"6,000","20,000","September 01, 2023",694,mmc-price-list
404,2,LINGUAL HOLDING ARCH - DENTAL MEDICINE (PEDIATRIC),"7,500","10,000","August 31, 2023",546,mmc-price-list
405,2,LIP REDUCTION 1 HOUR - SURGERY,"32,500","62,500","September 01, 2023",572,mmc-price-list
406,2,LIP REDUCTION 2 HOURS (UPPER AND LOWER) - SURGERY,"52,000","82,000","October 21, 2023",575,mmc-price-list
407,2,LIPOSUCTION 2 HOURS - SURGERY,"75,075","95,075","October 21, 2023",603,mmc-price-list
408,2,LIPOSUCTION DOUBLE CHIN OR FACE 1 HOUR - SURGERY,"32,500","62,500","September 01, 2023",584,mmc-price-list
409,2,LIPOSUCTION FACE AND NECK 1 HOUR - SURGERY,"39,000","69,000","September 01, 2023",585,mmc-price-list
410,2,LOCAL INTRA-ORAL INCISION AND DRAINAGE - ANESTHESIOLOGY,"3,000","12,500","August 31, 2023",11,mmc-price-list
411,2,LOCAL INTRA-ORAL INCISION AND DRAINAGE - DENTAL MEDICINE (ORAL MAXILLO FACIAL SURGERY),"7,500","25,000","October 21, 2023",750,mmc-price-list
412,2,LUMBAR DECOMPRESSION (FORAMINOTOMY/DISCECTOMY) 1-LEVEL - ANESTHESIOLOGY,"30,000","75,000","September 01, 2023",327,mmc-price-list
413,2,LUMBAR DECOMPRESSION (FORAMINOTOMY/DISCECTOMY) 1-LEVEL - ORTHOPEDIC SURGERY,"75,000","150,000","September 01, 2023",253,mmc-price-list
414,2,LUMBAR TAP - NEUROLOGICAL SCIENCES,"5,000","10,000","September 01, 2023",61,mmc-price-list
415,2,MARSUPIALIZATION OF BARTHOLIN'S CYST - ANESTHESIOLOGY,"5,000","30,000","September 01, 2023",59,mmc-price-list
416,2,MARSUPIALIZATION OF BARTHOLIN'S CYST - OBSTETRICS & GYNECOLOGY,"5,000","60,000","September 01, 2023",95,mmc-price-list
417,2,MEDIAN STERNOTOMY THYMECTOMY - SURGERY,"200,000","400,000","September 01, 2023",508,mmc-price-list
418,2,MEDIASTINOSCOPY - SURGERY,"50,000","70,000","September 01, 2023",503,mmc-price-list
419,2,MEDICAL CERTIFICATE - CARDIOLOGY,500,800,"September 01, 2023",699,mmc-price-list
420,2,MEDICOLEGAL - EMERGENCY MEDICINE,850,850,"September 01, 2023",620,mmc-price-list
421,2,METHYLPREDNISOLONE PULSE THERAPY - RHEUMATOLOGY,"5,000","5,000","September 01, 2023",45,mmc-price-list
422,2,MINIMALLY INVASIVE TLIF 1 LEVEL (EXCLUSIVE OF IMPLANT) - ANESTHESIOLOGY,"80,000","125,000","September 01, 2023",330,mmc-price-list
423,2,MINIMALLY INVASIVE TLIF 1 LEVEL (EXCLUSIVE OF IMPLANT) - ORTHOPEDIC SURGERY,"200,000","250,000","September 01, 2023",256,mmc-price-list
424,2,MODIFIED RADICAL MASTECTOMY - ANESTHESIOLOGY,100,"80,000","August 31, 2023",387,mmc-price-list
425,2,MODIFIED RADICAL MASTECTOMY - SURGERY,"112,500","157,500","August 31, 2023",410,mmc-price-list
426,2,MUSCLE BIOPSY - NEUROLOGICAL SCIENCES,"10,000","20,000","September 01, 2023",69,mmc-price-list
427,2,NASAL DECONGESTION &/OR SUCTIONING - OTORHINOLARYNGOLOGY,"1,500","2,500","September 01, 2023",288,mmc-price-list
428,2,NASAL PACKING ANT/ POSTERIOR - EMERGENCY MEDICINE,"1,200","1,200","October 21, 2023",676,mmc-price-list
429,2,NASAL SWAB - EMERGENCY MEDICINE,"1,200","1,200","September 01, 2023",677,mmc-price-list
430,2,NEONATAL INTENSIVE CARE UNIT: COMMON AREA/ISOLATION DAILY VISIT - PEDIATRICS,"2,500","6,000","September 01, 2023",344,mmc-price-list
431,2,NEONATAL INTERMEDIATE CARE UNIT: PER DAY VISIT - PEDIATRICS,"2,000","4,500","October 21, 2023",333,mmc-price-list
432,2,NEONATAL INTERMEDIATE CARE UNIT: STAT VISIT - PEDIATRICS,"5,000","15,000","October 21, 2023",336,mmc-price-list
433,2,NEONATE HERNIOTOMY - ANESTHESIOLOGY,"26,000","47,500","September 01, 2023",399,mmc-price-list
434,2,NEPHROLOGY - PEDIATRICS (OUTPATIENT CONSULTATIONS),"1,000","2,000","October 23, 2023",726,mmc-price-list
435,2,NEW PATIENT - ENDOCRINOLOGY,"1,000","2,500","September 01, 2023",713,mmc-price-list
436,2,NEWBORN CARE (CATCH) GENERAL PEDIATRICIAN - PEDIATRICS,"10,000","15,000","October 23, 2023",777,mmc-price-list
437,2,NEWBORN CARE (CATCH) IMMINENT/STAT DELIVERY - PEDIATRICS,"15,000","40,000","September 01, 2023",316,mmc-price-list
438,2,NEWBORN CARE (CATCH) SCHEDULED SVD/CS - PEDIATRICS,"10,000","30,000","September 01, 2023",315,mmc-price-list
439,2,NEWBORN CARE - EMERGENCY MEDICINE,"1,200","1,200","September 01, 2023",692,mmc-price-list
440,2,NEWBORN CARE CS (PREVAILING MMC PACKAGE) - PEDIATRICS,"10,000","12,000","September 01, 2023",318,mmc-price-list
441,2,NEWBORN CARE EARLOBE PIERCING - PEDIATRICS,"1,500","3,000","September 01, 2023",324,mmc-price-list
442,2,NEWBORN CARE RELEASE OF TONGUE TIE - PEDIATRICS,"2,500","5,000","September 01, 2023",322,mmc-price-list
443,2,NEWBORN CARE SVD (PREVAILING MMC PACKAGE) - PEDIATRICS,"9,100","10,000","September 01, 2023",317,mmc-price-list
444,2,NEWBORN CARE SVD/CS PRIVATE - PEDIATRICS,"12,000","35,000","September 01, 2023",319,mmc-price-list
445,2,NICU/NIMCU PROCEDURES (INTUBATION) - PEDIATRICS,"7,000","7,000","October 23, 2023",779,mmc-price-list
446,2,NICU/NIMCU PROCEDURES (PICC) - PEDIATRICS,"10,000","10,000","October 23, 2023",782,mmc-price-list
447,2,NICU/NIMCU PROCEDURES (SURFACTANT THERAPY) - PEDIATRICS,"10,000","10,000","October 23, 2023",783,mmc-price-list
448,2,NICU/NIMCU PROCEDURES (UAC) - PEDIATRICS,"5,000","5,000","October 23, 2023",781,mmc-price-list
449,2,NICU/NIMCU PROCEDURES (UVC) - PEDIATRICS,"5,000","5,000","October 23, 2023",780,mmc-price-list
450,2,NON-SURGICAL DEEP SCALING AND ROOT PLANING - DENTAL MEDICINE (PERIODONTIC),"6,000","8,500","August 31, 2023",554,mmc-price-list
451,2,OCCIPITAL NERVE BLOCK - PHYSICAL MEDICINE AND REHABILITATION,"10,000","20,000","September 01, 2023",359,mmc-price-list
452,2,OFFICE CONSULTATION - SURGERY,"2,000","5,000","September 01, 2023",490,mmc-price-list
453,2,OPD - PULMONARY MEDICINE,"1,000","2,000","September 01, 2023",20,mmc-price-list
454,2,OPD PROFESSIONAL FEE - ALLERGOLOGY AND IMMUNOLOGY,800,"2,500","October 21, 2023",695,mmc-price-list
455,2,OPEN APPENDECTOMY - ANESTHESIOLOGY (GENERAL SURGERY),100,"52,500","September 01, 2023",381,mmc-price-list
456,2,OPEN APPENDECTOMY - ANESTHESIOLOGY (PEDIA SURGERY),"16,000","40,000","September 01, 2023",392,mmc-price-list
457,2,OPEN APPENDECTOMY - SURGERY (GENERAL SURGERY),"75,000","105,000","September 01, 2023",396,mmc-price-list
458,2,OPEN APPENDECTOMY - SURGERY (PEDIA SURGERY),"40,000","80,000","September 01, 2023",416,mmc-price-list
459,2,OPEN APPENDECTOMY RUPTURED - ANESTHESIOLOGY,100,"61,250","September 01, 2023",382,mmc-price-list
460,2,OPEN APPENDECTOMY RUPTURED - SURGERY,"87,500","122,500","September 01, 2023",400,mmc-price-list
461,2,OPEN CHOLECYSTECTOMY - ANESTHESIOLOGY,100,"61,250","August 31, 2023",379,mmc-price-list
462,2,OPEN CHOLECYSTECTOMY - SURGERY,"87,500","122,500","September 01, 2023",393,mmc-price-list
463,2,OPEN LIGAMENT RECONSTRUCTION (BROSTROM) - ANESTHESIOLOGY,"24,000","40,000","September 01, 2023",349,mmc-price-list
464,2,OPEN LIGAMENT RECONSTRUCTION (BROSTROM) - ORTHOPEDIC SURGERY,"60,000","80,000","September 01, 2023",270,mmc-price-list
465,2,OPEN OR ARTHROSCOPIC LABRAL RECONSTRUCTION (BANKART) - ANESTHESIOLOGY,"32,000","50,000","September 01, 2023",153,mmc-price-list
466,2,OPEN OR ARTHROSCOPIC LABRAL RECONSTRUCTION (BANKART) - ORTHOPEDIC SURGERY,"80,000","100,000","September 01, 2023",141,mmc-price-list
467,2,OPEN ORCHIDOPEXY - ANESTHESIOLOGY,"16,000","45,000","September 01, 2023",401,mmc-price-list
468,2,OPEN ORCHIDOPEXY - SURGERY,"40,000","90,000","September 01, 2023",421,mmc-price-list
469,2,OPEN POSTERIOR LUMBAR FUSION 1-LEVEL (EXCLUSIVE OF IMPLANT) - ANESTHESIOLOGY,"60,000","100,000","September 01, 2023",328,mmc-price-list
470,2,OPEN POSTERIOR LUMBAR FUSION 1-LEVEL (EXCLUSIVE OF IMPLANT) - ORTHOPEDIC SURGERY,"150,000","200,000","October 21, 2023",254,mmc-price-list
471,2,OPEN REDUCTION DISTAL RADIUS - ANESTHESIOLOGY,"14,000","25,000","October 21, 2023",314,mmc-price-list
472,2,OPEN REDUCTION DISTAL RADIUS - ORTHOPEDIC SURGERY,"35,000","50,000","October 21, 2023",247,mmc-price-list
473,2,OPEN TRANSLUMBAR INTERBODY FUSION (TLIF) 1-LEVEL (EXCLUSIVE OF IMPLANT) - ANESTHESIOLOGY,"70,000","112,500","September 01, 2023",329,mmc-price-list
474,2,OPEN TRANSLUMBAR INTERBODY FUSION (TLIF) 1-LEVEL (EXCLUSIVE OF IMPLANT) - ORTHOPEDIC SURGERY,"175,000","225,000","September 01, 2023",255,mmc-price-list
475,2,OPEN VARICOCELECTOMY - ANESTHESIOLOGY,"16,000","35,000","September 01, 2023",404,mmc-price-list
476,2,OPEN VARICOCELECTOMY - SURGERY,"40,000","70,000","September 01, 2023",426,mmc-price-list
477,2,OPEN/INCISIONAL BIOPSY - ANESTHESIOLOGY,"10,000","20,000","September 01, 2023",300,mmc-price-list
478,2,OPEN/INCISIONAL BIOPSY - ORTHOPEDIC SURGERY,"25,000","40,000","September 01, 2023",227,mmc-price-list
479,2,ORAL PROPHYLAXIS - DENTAL MEDICINE (GENERAL DENTISTRY),"2,000","5,000","August 31, 2023",454,mmc-price-list
480,2,ORAL PROPHYLAXIS WITH FLUORIDE - DENTAL MEDICINE (PEDIATRIC),"2,000","5,000","August 31, 2023",521,mmc-price-list
481,2,ORIF DISTAL RADIUS FRACTURE - ANESTHESIOLOGY,"24,000","45,000","September 01, 2023",298,mmc-price-list
482,2,ORIF DISTAL RADIUS FRACTURE - ORTHOPEDIC SURGERY,"60,000","90,000","September 01, 2023",219,mmc-price-list
483,2,ORIF METACARPAL OR PHALANAGEAL FRACTURE PER FINGER - ANESTHESIOLOGY,"10,000","20,000","September 01, 2023",294,mmc-price-list
484,2,ORIF METACARPAL OR PHALANAGEAL FRACTURE PER FINGER - ORTHOPEDIC SURGERY,"25,000","40,000","September 01, 2023",210,mmc-price-list
485,2,ORIF OF ACETABULUM FRACTURE - ANESTHESIOLOGY,"32,000","80,000","September 01, 2023",209,mmc-price-list
486,2,ORIF OF ACETABULUM FRACTURE - ORTHOPEDIC SURGERY,"80,000","160,000","September 01, 2023",174,mmc-price-list
487,2,ORIF OF ANKLE FRACTURE - ANESTHESIOLOGY,"26,400","50,000","September 01, 2023",222,mmc-price-list
488,2,ORIF OF ANKLE FRACTURE - ORTHOPEDIC SURGERY,"66,000","100,000","September 01, 2023",183,mmc-price-list
489,2,ORIF OF CLAVICLE FRACTURE - ANESTHESIOLOGY,"24,000","47,500","September 01, 2023",182,mmc-price-list
490,2,ORIF OF CLAVICLE FRACTURE - ORTHOPEDIC SURGERY,"60,000","95,000","September 01, 2023",160,mmc-price-list
491,2,ORIF OF FEMORAL SHAFT FRACTURE - ANESTHESIOLOGY,"28,000","47,500","September 01, 2023",214,mmc-price-list
492,2,ORIF OF FEMORAL SHAFT FRACTURE - ORTHOPEDIC SURGERY,"70,000","95,000","September 01, 2023",177,mmc-price-list
493,2,ORIF OF FOREARM FRACTURE - ANESTHESIOLOGY,"22,000","45,000","September 01, 2023",205,mmc-price-list
494,2,ORIF OF FOREARM FRACTURE - ORTHOPEDIC SURGERY,"55,000","90,000","September 01, 2023",171,mmc-price-list
495,2,ORIF OF HUMERAL SHAFT FRACTURE - ANESTHESIOLOGY,"22,000","45,000","September 01, 2023",195,mmc-price-list
496,2,ORIF OF HUMERAL SHAFT FRACTURE - ORTHOPEDIC SURGERY,"55,000","90,000","September 01, 2023",167,mmc-price-list
497,2,ORIF OF METATARSAL BONE FRACTURE - ANESTHESIOLOGY,"14,000","22,500","September 01, 2023",226,mmc-price-list
498,2,ORIF OF METATARSAL BONE FRACTURE - ORTHOPEDIC SURGERY,"35,000","45,000","September 01, 2023",187,mmc-price-list
499,2,ORIF OF PATELLAR FRACTURE - ANESTHESIOLOGY,"20,000","42,500","September 01, 2023",218,mmc-price-list
500,2,ORIF OF PATELLAR FRACTURE - ORTHOPEDIC SURGERY,"50,000","85,000","September 01, 2023",179,mmc-price-list
501,2,ORIF OF PELVIC FRACTURE - ANESTHESIOLOGY,"40,000","80,000","September 01, 2023",206,mmc-price-list
502,2,ORIF OF PELVIC FRACTURE - ORTHOPEDIC SURGERY,"100,000","160,000","September 01, 2023",172,mmc-price-list
503,2,ORIF OF PERIARTICULAR ELBOW FRACTURE - ANESTHESIOLOGY,"28,000","50,000","September 01, 2023",204,mmc-price-list
504,2,ORIF OF PERIARTICULAR ELBOW FRACTURE - ORTHOPEDIC SURGERY,"70,000","100,000","September 01, 2023",170,mmc-price-list
505,2,ORIF OF PROXIMAL FEMORAL (HIP) FRACTURE - ANESTHESIOLOGY,"28,800","57,500","September 01, 2023",212,mmc-price-list
506,2,ORIF OF PROXIMAL FEMORAL (HIP) FRACTURE - ORTHOPEDIC SURGERY,"72,000","115,000","September 01, 2023",176,mmc-price-list
507,2,ORIF OF PROXIMAL HUMERUS FRACTURE - ANESTHESIOLOGY,"28,000","50,000","September 01, 2023",194,mmc-price-list
508,2,ORIF OF PROXIMAL HUMERUS FRACTURE - ORTHOPEDIC SURGERY,"70,000","100,000","September 01, 2023",166,mmc-price-list
509,2,ORIF OF SUPRACONDYLAR FEMUR FRACTURE - ANESTHESIOLOGY,"24,000","50,000","September 01, 2023",216,mmc-price-list
510,2,ORIF OF SUPRACONDYLAR FEMUR FRACTURE - ORTHOPEDIC SURGERY,"60,000","100,000","September 01, 2023",178,mmc-price-list
511,2,ORIF OF SUPRACONDYLAR HUMERUS FRACTURE - ANESTHESIOLOGY,"24,000","47,500","September 01, 2023",201,mmc-price-list
512,2,ORIF OF SUPRACONDYLAR HUMERUS FRACTURE - ORTHOPEDIC SURGERY,"60,000","95,000","September 01, 2023",168,mmc-price-list
513,2,ORIF OF TALAR BONE FRACTURE - ANESTHESIOLOGY,"21,600","28,000","September 01, 2023",224,mmc-price-list
514,2,ORIF OF TALAR BONE FRACTURE - ORTHOPEDIC SURGERY,"54,000","70,000","September 01, 2023",185,mmc-price-list
515,2,ORIF OF TIBIAL PLAFOND FRACTURE - ANESTHESIOLOGY,"26,400","55,000","September 01, 2023",223,mmc-price-list
516,2,ORIF OF TIBIAL PLAFOND FRACTURE - ORTHOPEDIC SURGERY,"66,000","110,000","September 01, 2023",184,mmc-price-list
517,2,ORIF OF TIBIAL PLATEAU FRACTURE - ANESTHESIOLOGY,"24,000","55,000","September 01, 2023",220,mmc-price-list
518,2,ORIF OF TIBIAL PLATEAU FRACTURE - ORTHOPEDIC SURGERY,"60,000","110,000","September 01, 2023",180,mmc-price-list
519,2,ORIF OF TIBIAL SHAFT FRACTURE - ANESTHESIOLOGY,"26,400","52,500","September 01, 2023",221,mmc-price-list
520,2,ORIF OF TIBIAL SHAFT FRACTURE - ORTHOPEDIC SURGERY,"66,000","105,000","September 01, 2023",181,mmc-price-list
521,2,ORIF OF TOE FRACTURE - ANESTHESIOLOGY,"10,000","17,500","September 01, 2023",230,mmc-price-list
522,2,ORIF OF TOE FRACTURE - ORTHOPEDIC SURGERY,"25,000","35,000","September 01, 2023",188,mmc-price-list
523,2,ORTHODONTIC CONSULTATION - DENTAL MEDICINE,"1,000","2,000","August 31, 2023",460,mmc-price-list
524,2,ORTHOGNATHIC MANAGEMENT(SURGICAL) - DENTAL MEDICINE (ORTHODONTIC),"200,000","350,000","August 31, 2023",463,mmc-price-list
525,2,OTOENDOSCOPY - OTORHINOLARYNGOLOGY,"3,000","6,000","September 01, 2023",290,mmc-price-list
526,2,OTOPLASTY (EARS) 2 HOURS - SURGERY,"52,000","82,000","October 21, 2023",571,mmc-price-list
527,2,OUT-PATIENT CONSULT WITH NO TREATMENT PLANNING - DENTAL MEDICINE (PERIODONTIC),"1,500","1,500","August 31, 2023",551,mmc-price-list
528,2,OUT-PATIENT CONSULT WITH TREATMENT PLANNING - DENTAL MEDICINE (PERIODONTIC),"2,500","2,500","August 31, 2023",553,mmc-price-list
529,2,OUT-PATIENT CONSULTATION - DENTAL MEDICINE (ENDODONTIC),700,"1,000","August 31, 2023",558,mmc-price-list
530,2,OUT-PATIENT CONSULTATION - DERMATOLOGY,500,"3,000","October 21, 2023",592,mmc-price-list
531,2,OUT-PATIENT CONSULTATION FEE - DENTAL MEDICINE (ORAL MAXILLO FACIAL SURGERY),"1,500","3,500","August 31, 2023",484,mmc-price-list
532,2,OUT-PATIENT CONSULTATION FEE - DENTAL MEDICINE (PEDIATRIC),"1,000","1,500","August 31, 2023",518,mmc-price-list
533,2,OUT-PATIENT CONSULTATION FEE - DENTAL MEDICINE (PROSTHODONTIC),"1,120","1,120","August 31, 2023",567,mmc-price-list
534,2,OUTPATIENT BLOOD TRANSFUSION - HEMATOLOGY,"2,000","5,000","September 01, 2023",623,mmc-price-list
535,2,OUTPATIENT CHEMOTHERAPY - HEMATOLOGY,"5,000","15,000","September 01, 2023",621,mmc-price-list
536,2,OUTPATIENT CONSULTATION,800,"1,600","September 01, 2023",36,mmc-price-list
537,2,OUTPATIENT CONSULTATION - GENERAL MEDICINE,500,"2,500","September 01, 2023",613,mmc-price-list
538,2,OUTPATIENT CONSULTATION - HEMATOLOGY,"1,000","2,500","September 01, 2023",616,mmc-price-list
539,2,OUTPATIENT CONSULTATION - ORTHOPEDIC SURGERY,"1,000","2,000","September 01, 2023",133,mmc-price-list
540,2,OUTPATIENT CONSULTATION - RHEUMATOLOGY,800,"1,600","September 01, 2023",37,mmc-price-list
541,2,OUTPATIENT CONSULTATION - SURGERY (PEDIA SURGERY),"1,500","2,000","September 01, 2023",415,mmc-price-list
542,2,OUTPATIENT CONSULTATION - SURGERY (PERIPHERAL VASCULAR SURGERY),"2,000","4,000","September 01, 2023",450,mmc-price-list
543,2,OUTPATIENT CONSULTATION - SURGERY (PLASTIC SURGERY),"2,000","5,000","September 01, 2023",543,mmc-price-list
544,2,OUTPATIENT CONSULTATION - SURGERY (UROLOGY),"1,500","5,000","September 01, 2023",477,mmc-price-list
545,2,OUTPATIENT CONSULTATION FEE - NEPHROLOGY,"1,000","3,000","September 01, 2023",641,mmc-price-list
546,2,OUTPATIENT CONSULTATION FEE - NEUROLOGICAL SCIENCES (NEUROLOGY),"1,200","5,000","September 01, 2023",58,mmc-price-list
547,2,OUTPATIENT CONSULTATION FEE - NEUROLOGICAL SCIENCES (NEUROSURGERY),"1,000","2,000","September 01, 2023",82,mmc-price-list
548,2,OUTPATIENT CONSULTATION FEE - NEUROLOGICAL SCIENCES (PSYCHIATRY),"3,000","6,000","September 01, 2023",74,mmc-price-list
549,2,OUTPATIENT CONSULTATIONS - GASTROENTEROLOGY,"1,000","2,000","September 01, 2023",714,mmc-price-list
550,2,PAN RETINAL LASER PHOTOCOAGULATION - OPHTHALMOLOGY,"15,000","25,000","September 01, 2023",120,mmc-price-list
551,2,PAP SMEAR - OBSTETRICS & GYNECOLOGY,200,"3,000","September 01, 2023",93,mmc-price-list
552,2,PARS PLANA VITRECTOMY - ANESTHESIOLOGY,"16,000","50,000","September 01, 2023",53,mmc-price-list
553,2,PARS PLANA VITRECTOMY - OPHTHALMOLOGY,"40,000","100,000","September 01, 2023",127,mmc-price-list
554,2,PARTIAL HIP ARTHROPLASTY (ELECTIVE) - ANESTHESIOLOGY,"28,000","50,000","September 01, 2023",119,mmc-price-list
555,2,PARTIAL HIP ARTHROPLASTY (ELECTIVE) - ORTHOPEDIC SURGERY,"70,000","100,000","September 01, 2023",136,mmc-price-list
556,2,PARTIAL HIP ARTHROPLASTY OF ANY HIP FRACTURE - ANESTHESIOLOGY,"28,000","55,000","September 01, 2023",211,mmc-price-list
557,2,PARTIAL HIP ARTHROPLASTY OF ANY HIP FRACTURE - ORTHOPEDIC SURGERY,"70,000","110,000","September 01, 2023",175,mmc-price-list
558,2,PARTIAL MASTECTOMY + SENTINEL NODE + ALND - ANESTHESIOLOGY,100,"80,000","August 31, 2023",388,mmc-price-list
559,2,PARTIAL MASTECTOMY + SENTINEL NODE + ALND - SURGERY,"125,000","175,000","August 31, 2023",412,mmc-price-list
560,2,PATCH TESTING - DERMATOLOGY,"10,000","10,000","August 31, 2023",611,mmc-price-list
561,2,PATELLAR STABILIZATION (MPFL RECONSTRUCTION OR LATERAL RELEASE) - ANESTHESIOLOGY,"28,000","45,000","September 01, 2023",121,mmc-price-list
562,2,PATELLAR STABILIZATION (MPFL RECONSTRUCTION OR LATERAL RELEASE) - ORTHOPEDIC SURGERY,"70,000","90,000","September 01, 2023",137,mmc-price-list
563,2,PEDIATRIC INTENSIVE CARE UNIT - INTUBATION - PEDIATRICS,"10,000","10,000","October 23, 2023",778,mmc-price-list
564,2,PEG - ANESTHESIOLOGY,"12,000","17,500","September 01, 2023",378,mmc-price-list
565,2,PEG - PEDIATRICS,"30,000","35,000","September 01, 2023",3,mmc-price-list
566,2,PERCUTANEOUS GASTROSTOMY TUBE INSERTION - GASTROENTEROLOGY,"16,800","42,000","September 01, 2023",609,mmc-price-list
567,2,PERCUTANEOUS TRIGGER FINGER RELEASE - PHYSICAL MEDICINE AND REHABILITATION,"10,000","20,000","September 01, 2023",361,mmc-price-list
568,2,PERICARDIOCENTESIS - EMERGENCY MEDICINE,"3,600","3,600","September 01, 2023",639,mmc-price-list
569,2,PERINEURAL INJECTION TREATMENT - PHYSICAL MEDICINE AND REHABILITATION,"5,000","15,000","September 01, 2023",356,mmc-price-list
570,2,PERIODONTAL SURGERY - OSSEOUS SURGERY - DENTAL MEDICINE (PERIODONTIC),"20,000","30,000","August 31, 2023",555,mmc-price-list
571,2,PERIPHERAL BLOOD SMEAR REVIEW - HEMATOLOGY,"2,500","2,500","September 01, 2023",629,mmc-price-list
572,2,PERIPHERAL PER EXTREMITY - ANESTHESIOLOGY,"60,000","125,000","September 01, 2023",440,mmc-price-list
573,2,PERIPHERAL PER EXTREMITY - SURGERY,"150,000","250,000","September 01, 2023",474,mmc-price-list
574,2,PERONEAL TENDONSCOPY/REPAIR - ANESTHESIOLOGY,"18,000","30,000","September 01, 2023",350,mmc-price-list
575,2,PERONEAL TENDOSCOPY/REPAIR - ORTHOPEDIC SURGERY,"45,000","60,000","September 01, 2023",271,mmc-price-list
576,2,PHLEBOTOMY - HEMATOLOGY,"2,500","2,500","September 01, 2023",626,mmc-price-list
577,2,PHOTOTHERAPY PER SESSION - DERMATOLOGY,975,"1,975","August 31, 2023",606,mmc-price-list
578,2,PICC LINE - ANESTHESIOLOGY,"10,000","22,500","August 31, 2023",425,mmc-price-list
579,2,PICC LINE - SURGERY,"25,000","45,000","August 31, 2023",458,mmc-price-list
580,2,PIGTAIL CATHETER INSERTION FOR PLEURAL EFFUSION - SURGERY,"25,000","60,000","September 01, 2023",517,mmc-price-list
581,2,PIGTAIL INSERTION - ANESTHESIOLOGY,"6,000","10,000","September 01, 2023",46,mmc-price-list
582,2,PIGTAIL INSERTION - PULMONARY MEDICINE,"15,000","20,000","September 01, 2023",31,mmc-price-list
583,2,PLATELET RICH PLASMA INJECTION; PROCEDURE ONLY - PHYSICAL MEDICINE AND REHABILITATION,"25,000","90,000","September 01, 2023",353,mmc-price-list
584,2,POINT OF CARE ULTRASOUND - EMERGENCY MEDICINE,"1,800","1,800","September 01, 2023",640,mmc-price-list
585,2,POSTERIOR ANKLE DECOMPRESSION/SYNOVECTOMY - ANESTHESIOLOGY,"24,000","40,000","September 01, 2023",340,mmc-price-list
586,2,POSTERIOR ANKLE DECOMPRESSION/SYNOVECTOMY - ORTHOPEDIC SURGERY,"60,000","80,000","October 21, 2023",264,mmc-price-list
587,2,PPI ICD AND CRT IMPLANTS - CARDIOLOGY,"160,000","250,000","September 01, 2023",703,mmc-price-list
588,2,PRECIPITATE DELIVERY - EMERGENCY MEDICINE,"3,600","3,600","September 01, 2023",691,mmc-price-list
589,2,PRENATAL - OBSTETRICS & GYNECOLOGY,500,"3,000","September 01, 2023",94,mmc-price-list
590,2,PREOPERATIVE CARDIOVASCULAR EVALUATION INPATIENT - CARDIOLOGY,"7,000","20,000","October 21, 2023",698,mmc-price-list
591,2,PREOPERATIVE CARDIOVASCULAR EVALUATION OUTPATIENT - CARDIOLOGY,"3,000","6,000","October 21, 2023",752,mmc-price-list
592,2,PRIMARY TOOTH ZIRCONIA CROWN - DENTAL MEDICINE (PEDIATRIC),"7,500","10,000","August 31, 2023",542,mmc-price-list
593,2,PROCEDURAL SEDATION - EMERGENCY MEDICINE,"3,600","3,600","September 01, 2023",642,mmc-price-list
594,2,PROFESSIONAL FEES FOR OUT PATIENT - PHYSICAL MEDICINE AND REHABILITATION,800,"3,000","September 01, 2023",346,mmc-price-list
595,2,PROSTATE - ANESTHESIOLOGY,"1,000","100,000","September 01, 2023",445,mmc-price-list
596,2,PROSTATE - SURGERY,"2,000","200,000","September 01, 2023",479,mmc-price-list
597,2,PROSTATE BIOPSY - ANESTHESIOLOGY,"1,000","25,000","September 01, 2023",449,mmc-price-list
598,2,PROSTATE BIOPSY - SURGERY,"2,000","50,000","September 01, 2023",483,mmc-price-list
599,2,PTERYGIUM EXCISION - ANESTHESIOLOGY,"4,000","10,000","September 01, 2023",55,mmc-price-list
600,2,PTERYGIUM EXCISION - OPHTHALMOLOGY,"10,000","20,000","September 01, 2023",130,mmc-price-list
601,2,PULMONOLOGY - PEDIATRICS (ADMISSIONS / REFERRALS / PROCEDURES),"1,500","5,000","October 23, 2023",772,mmc-price-list
602,2,PULMONOLOGY - PEDIATRICS (OUTPATIENT CONSULTATIONS),500,"2,000","October 23, 2023",771,mmc-price-list
603,2,PULPECTOMY - DENTAL MEDICINE (PEDIATRIC),"5,000","10,000","August 31, 2023",536,mmc-price-list
604,2,PULPOTOMY - DENTAL MEDICINE (PEDIATRIC),"3,500","7,500","August 31, 2023",534,mmc-price-list
605,2,RADICAL EXCISION WITH BONE GRAFTING - ANESTHESIOLOGY,"48,000","75,000","September 01, 2023",309,mmc-price-list
606,2,RADICAL EXCISION WITH BONE GRAFTING - ORTHOPEDIC SURGERY,"120,000","150,000","September 01, 2023",242,mmc-price-list
607,2,RADICAL EXCISION WITH ENDOPROSTHESIS - ANESTHESIOLOGY,"60,000","100,000","September 01, 2023",310,mmc-price-list
608,2,RADICAL EXCISION WITH ENDOPROSTHESIS - ORTHOPEDIC SURGERY,"150,000","200,000","September 01, 2023",243,mmc-price-list
609,2,RADICAL RESECTION BONE - ANESTHESIOLOGY,"40,000","75,000","September 01, 2023",308,mmc-price-list
610,2,RADICAL RESECTION BONE - ORTHOPEDIC SURGERY,"100,000","150,000","September 01, 2023",241,mmc-price-list
611,2,RADICAL RESECTION SOFT TISSUE W/O - W/ RECON 80-120K - ANESTHESIOLOGY,"32,000","60,000","September 01, 2023",307,mmc-price-list
612,2,RADICAL RESECTION SOFT TISSUE W/O - W/ RECON 80-120K - ORTHOPEDIC SURGERY,"80,000","120,000","September 01, 2023",240,mmc-price-list
613,2,RADIOACTIVE IODINE THERAPY - NUCLEAR MEDICINE,"8,000","45,000","September 01, 2023",87,mmc-price-list
614,2,RE-ROOT CANAL TREATMENT - DENTAL MEDICINE (ENDODONTIC),"2,000","5,000","August 31, 2023",564,mmc-price-list
615,2,RECTAL RESECTION (LAPAROSCOPIC) - SURGERY,"2,000","350,000","September 01, 2023",525,mmc-price-list
616,2,RECTAL RESECTION (OPEN) - SURGERY,"2,000","250,000","September 01, 2023",526,mmc-price-list
617,2,REDUCTION RHINOPLASTY 2 HOURS - SURGERY,"91,000","111,000","September 01, 2023",563,mmc-price-list
618,2,REGULAR ROOM EXCEPT 9TH FLOOR - ONCOLOGY,"1,200","2,500","October 21, 2023",656,mmc-price-list
619,2,RELEASE OF DE QUERVAIN'S (LOCAL ANESTH) - ANESTHESIOLOGY,"4,800","10,000","September 01, 2023",282,mmc-price-list
620,2,RELEASE OF DE QUERVAIN'S (LOCAL ANESTH) - ORTHOPEDIC SURGERY,"12,000","20,000","September 01, 2023",198,mmc-price-list
621,2,REMOVABLE APPLIANCE THERAPY (MYOBRACE) - DENTAL MEDICINE (PEDIATRIC),"35,000","50,000","August 31, 2023",550,mmc-price-list
622,2,REMOVABLE PARTIAL DENTURE - DENTAL MEDICINE (PROSTHODONTIC),"20,000","55,000","August 31, 2023",577,mmc-price-list
623,2,REMOVAL OF CERUMEN / SUCTIONING OF EAR DISCHARGE - OTORHINOLARYNGOLOGY,"1,500","4,500","September 01, 2023",279,mmc-price-list
624,2,REMOVAL OF FOREIGN BODY (EAR/NOSE/THROAT) - ANESTHESIOLOGY,"1,200","3,000","September 01, 2023",374,mmc-price-list
625,2,REMOVAL OF FOREIGN BODY (EAR/NOSE/THROAT) - OTORHINOLARYNGOLOGY,"3,000","6,000","September 01, 2023",283,mmc-price-list
626,2,REMOVAL OF IMPACTED TOOTH - ANESTHESIOLOGY,"6,000","25,000","September 01, 2023",10,mmc-price-list
627,2,REMOVAL OF IMPACTED TOOTH - DENTAL MEDICINE (ORAL MAXILLO FACIAL SURGERY),"15,000","50,000","August 31, 2023",488,mmc-price-list
628,2,REPAIR OF ORO-ANTRAL FISTULA/COMMUNICATION VIA COMBINED GINGIVOBUCCAL ADVANCEMENT FLAP AND BUCCAL FAT ADVANCEMENT FLAP - ANESTHESIOLOGY,"32,000","50,000","August 31, 2023",14,mmc-price-list
629,2,REPAIR OF ORO-ANTRAL FISTULA/COMMUNICATION VIA COMBINED GINGIVOBUCCAL ADVANCEMENT FLAP AND BUCCAL FAT ADVANCEMENT FLAP - DENTAL MEDICINE (ORAL MAXILLO,"80,000","100,000","August 31, 2023",499,mmc-price-list
630,2,REPAIR OF ORO-ANTRAL FISTULA/COMMUNICATION VIA GINGIVOBUCCAL ADVANCEMENT FLAP - ANESTHESIOLOGY,"24,000","40,000","August 31, 2023",13,mmc-price-list
631,2,REPAIR OF ORO-ANTRAL FISTULA/COMMUNICATION VIA GINGIVOBUCCAL ADVANCEMENT FLAP - DENTAL MEDICINE (ORAL MAXILLO FACIAL SURGERY),"60,000","80,000","October 21, 2023",751,mmc-price-list
632,2,RIGID NASAL / LARYNGEAL ENDOSCOPY - ANESTHESIOLOGY,"2,000","5,000","October 21, 2023",372,mmc-price-list
633,2,RIGID NASAL / LARYNGEAL ENDOSCOPY - OTORHINOLARYNGOLOGY,"5,000","10,000","September 01, 2023",280,mmc-price-list
634,2,ROOT CANAL TREATMENT 1 CANAL - DENTAL MEDICINE (ENDODONTIC),"9,000","15,000","September 01, 2023",560,mmc-price-list
635,2,ROOT CANAL TREATMENT 2 CANALS - DENTAL MEDICINE (ENDODONTIC),"18,000","25,000","September 01, 2023",561,mmc-price-list
636,2,ROOT CANAL TREATMENT MOLARS (3-4 CANALS) - DENTAL MEDICINE (ENDODONTIC),"27,000","35,000","September 01, 2023",562,mmc-price-list
637,2,ROTATIONPLASTY - ANESTHESIOLOGY,"60,000","100,000","August 31, 2023",311,mmc-price-list
638,2,ROTATIONPLASTY - ORTHOPEDIC SURGERY,"150,000","200,000","August 31, 2023",244,mmc-price-list
639,2,SAFORIDE APPLICATION (PER TOOTH) - DENTAL MEDICINE (PEDIATRIC),500,500,"August 31, 2023",538,mmc-price-list
640,2,SCOLIOSIS SURGERY THORACIC AND/OR LUMBAR - ANESTHESIOLOGY,"100,000","250,000","August 31, 2023",337,mmc-price-list
641,2,SCOLIOSIS SURGERY THORACIC AND/OR LUMBAR - ORTHOPEDIC SURGERY,"250,000","500,000","August 31, 2023",261,mmc-price-list
642,2,SEALANT - DENTAL MEDICINE (PEDIATRIC),"3,000","5,000","August 31, 2023",531,mmc-price-list
643,2,SEGMENTECTOMY - SURGERY,"200,000","400,000","August 31, 2023",507,mmc-price-list
644,2,SEMI PRIVATE - CARDIOLOGY,"1,350","4,050","October 23, 2023",756,mmc-price-list
645,2,SEMI PRIVATE ROOM - PULMONARY MEDICINE,"2,000","3,000","August 31, 2023",22,mmc-price-list
646,2,SHOULDER ARTHROSCOPIC ROTATOR CUFF REPAIR - ANESTHESIOLOGY,"28,000","50,000","August 31, 2023",132,mmc-price-list
647,2,SHOULDER ARTHROSCOPIC ROTATOR CUFF REPAIR - ORTHOPEDIC SURGERY,"70,000","100,000","August 31, 2023",139,mmc-price-list
648,2,SHOULDER/HIP DISARTICULATION - ANESTHESIOLOGY,"32,000","50,000","August 31, 2023",303,mmc-price-list
649,2,SHOULDER/HIP DISARTICULATION - ORTHOPEDIC SURGERY,"80,000","100,000","August 31, 2023",232,mmc-price-list
650,2,SINGLE COMPLETE DENTURE - DENTAL MEDICINE (PROSTHODONTIC),"20,000","60,000","August 31, 2023",573,mmc-price-list
651,2,SINUS LIFT - ANESTHESIOLOGY,"24,000","50,000","August 31, 2023",19,mmc-price-list
652,2,SINUS LIFT - DENTAL MEDICINE (ORAL MAXILLO FACIAL SURGERY),"60,000","100,000","August 31, 2023",515,mmc-price-list
653,2,SKIN BIOPSY - DERMATOLOGY,"1,000","5,000","August 31, 2023",601,mmc-price-list
654,2,SMALL PRIVATE - CARDIOLOGY,"2,000","6,000","October 23, 2023",757,mmc-price-list
655,2,SMALL PRIVATE ROOM - PULMONARY MEDICINE,"2,500","4,000","August 31, 2023",23,mmc-price-list
656,2,SOCKET PRESERVATION - ANESTHESIOLOGY,"7,200","15,000","August 31, 2023",16,mmc-price-list
657,2,SOCKET PRESERVATION - DENTAL MEDICINE (ORAL MAXILLO FACIAL SURGERY),"18,000","30,000","August 31, 2023",511,mmc-price-list
658,2,SPACE MAINTAINER/BOND & LOOP - DENTAL MEDICINE (PEDIATRIC),"7,500","10,000","August 31, 2023",545,mmc-price-list
659,2,STABILIZATION OF OTHER CRITICAL CASES - EMERGENCY MEDICINE,"3,600","3,600","August 31, 2023",625,mmc-price-list
660,2,STAINLESS STEEL CROWN - DENTAL MEDICINE (PEDIATRIC),"4,000","7,500","August 31, 2023",540,mmc-price-list
661,2,STENT INSERTION - ANESTHESIOLOGY,"12,000","20,000","August 31, 2023",49,mmc-price-list
662,2,STENT INSERTION - PULMONARY MEDICINE,"30,000","40,000","August 31, 2023",34,mmc-price-list
663,2,STERNOTOMY- PERICARDIECTOMY - SURGERY,"90,000","900,000","August 31, 2023",495,mmc-price-list
664,2,STEROID INJECTION: PROCEDURE ONLY - PHYSICAL MEDICINE AND REHABILITATION,"2,000","2,000","August 31, 2023",348,mmc-price-list
665,2,STRIP OFF CROWN - DENTAL MEDICINE (PEDIATRIC),"4,000","7,500","August 31, 2023",541,mmc-price-list
666,2,SUBCUTANEOUS ADMINISTRATION OF ADJUNCT - ONCOLOGY,800,"1,200","August 31, 2023",661,mmc-price-list
667,2,SUBCUTANEOUS ADMINISTRATION OF HORMONAL THERAPY-BIOLOGICALS - ONCOLOGY,"2,000","7,500","September 01, 2023",660,mmc-price-list
668,2,SUBCUTANEOUS CHEMOTHERAPY AND ADJUNCTS (GCSF) - PEDIATRICS,500,"2,500","August 31, 2023",7,mmc-price-list
669,2,SUBMENTAL LIPECTOMY 1 HOUR - SURGERY,"32,500","62,500","August 31, 2023",586,mmc-price-list
670,2,SUBXIPHOID PERICARDIOSTOMY- SURGERY,"50,000","80,000","August 31, 2023",493,mmc-price-list
671,2,SUPRACONDYLAR FRACTURE CLOSED RX AND PINNING - ANESTHESIOLOGY,"10,000","25,000","August 31, 2023",320,mmc-price-list
672,2,SUPRACONDYLAR FRACTURE CLOSED RX AND PINNING - ORTHOPEDIC SURGERY,"25,000","50,000","August 31, 2023",248,mmc-price-list
673,2,SUPRACONDYLAR FRACTURE OPEN REDUCTION W/ PINNING - ANESTHESIOLOGY,"14,000","27,500","August 31, 2023",321,mmc-price-list
674,2,SUPRACONDYLAR FRACTURE OPEN REDUCTION W/ PINNING - ORTHOPEDIC SURGERY,"35,000","55,000","August 31, 2023",249,mmc-price-list
675,2,SURAL NERVE BIOPSY - NEUROLOGICAL SCIENCES,"10,000","20,000","August 31, 2023",68,mmc-price-list
676,2,SYSTEMIC CHEMOTHERAPY AND ADJUNCTS - PEDIATRICS,"2,500","25,000","August 31, 2023",8,mmc-price-list
677,2,SYSTEMIC INTRAVENOUS CHEMOTHERAPY - ONCOLOGY,"5,000","20,000","August 31, 2023",662,mmc-price-list
678,2,SYSTEMIC ORAL TREATMENT - ONCOLOGY,"4,000","10,000","August 31, 2023",663,mmc-price-list
679,2,TAH BSO - ANESTHESIOLOGY,"12,000","150,000","August 31, 2023",78,mmc-price-list
680,2,TAH BSO - OBSTETRICS & GYNECOLOGY,"30,000","300,000","August 31, 2023",107,mmc-price-list
681,2,TAKEDOWN OF STOMA - SURGERY,"2,000","200,000","August 31, 2023",533,mmc-price-list
682,2,TEMPORARY PACEMAKER INSERTION - CARDIOLOGY,"25,000","30,000","August 31, 2023",709,mmc-price-list
683,2,TENDON LENGTHENING (PER TENDON) - ANESTHESIOLOGY,"10,000","20,000","August 31, 2023",323,mmc-price-list
684,2,TENDON LENGTHENING (PER TENDON) - ORTHOPEDIC SURGERY,"25,000","40,000","August 31, 2023",250,mmc-price-list
685,2,TENDON TRANSFERS (PER TENDON) - ANESTHESIOLOGY,"10,000","20,000","August 31, 2023",325,mmc-price-list
686,2,TENDON TRANSFERS (PER TENDON) - ORTHOPEDIC SURGERY,"25,000","40,000","August 31, 2023",251,mmc-price-list
687,2,THORACENTESIS - ANESTHESIOLOGY,"4,000","7,500","August 31, 2023",30,mmc-price-list
688,2,THORACENTESIS - EMERGENCY MEDICINE,"1,800","1,800","August 31, 2023",638,mmc-price-list
689,2,THORACENTESIS - PULMONARY MEDICINE,"10,000","15,000","October 21, 2023",753,mmc-price-list
690,2,THORACOTOMY; RESECTION OF LUNG; 1 OR MORE LOBES - SURGERY,"200,000","400,000","September 01, 2023",504,mmc-price-list
691,2,THROMBECTOMY SINGLE EXTREMITY - ANESTHESIOLOGY,"24,000","40,000","August 31, 2023",437,mmc-price-list
692,2,THROMBECTOMY SINGLE EXTREMITY - SURGERY,"60,000","80,000","August 31, 2023",473,mmc-price-list
693,2,TOOTH EXTRACTION SIMPLE - DENTAL MEDICINE (ORAL MAXILLO FACIAL SURGERY),"3,500","7,500","October 21, 2023",486,mmc-price-list
694,2,TOOTH EXTRACTION SIMPLE SURGICAL - ANESTHESIOLOGY,"3,000","10,000","August 31, 2023",9,mmc-price-list
695,2,TOOTH EXTRACTION SIMPLE SURGICAL - DENTAL MEDICINE (ORAL MAXILLO FACIAL SURGERY),"7,500","20,000","August 31, 2023",487,mmc-price-list
696,2,TOOTH RESTORATION FOUR SURFACES - DENTAL MEDICINE (PEDIATRIC),"7,500","15,000","September 01, 2023",529,mmc-price-list
697,2,TOOTH RESTORATION ONE SURFACE - DENTAL MEDICINE (PEDIATRIC),"3,000","5,000","September 01, 2023",522,mmc-price-list
698,2,TOOTH RESTORATION THREE SURFACES - DENTAL MEDICINE (PEDIATRIC),"5,000","7,500","September 01, 2023",527,mmc-price-list
699,2,TOOTH RESTORATION TWO SURFACES - DENTAL MEDICINE (PEDIATRIC),"3,500","6,500","October 21, 2023",524,mmc-price-list
700,2,TOTAL HIP ARTHROPLASTY (UNILATERAL) - ANESTHESIOLOGY,"40,000","87,500","August 31, 2023",162,mmc-price-list
701,2,TOTAL HIP ARTHROPLASTY (UNILATERAL) - ORTHOPEDIC SURGERY,"100,000","175,000","August 31, 2023",149,mmc-price-list
702,2,TOTAL KNEE REPLACEMENT (BILATERAL) - ANESTHESIOLOGY,"80,000","150,000","August 31, 2023",165,mmc-price-list
703,2,TOTAL KNEE REPLACEMENT (BILATERAL) - ORTHOPEDIC SURGERY,"200,000","300,000","August 31, 2023",151,mmc-price-list
704,2,TOTAL KNEE REPLACEMENT (UNILATERAL) - ANESTHESIOLOGY,"40,000","87,500","August 31, 2023",163,mmc-price-list
705,2,TOTAL KNEE REPLACEMENT (UNILATERAL) - ORTHOPEDIC SURGERY,"100,000","175,000","August 31, 2023",150,mmc-price-list
706,2,TRABECULECTOMY - ANESTHESIOLOGY,"8,800","50,000","August 31, 2023",52,mmc-price-list
707,2,TRABECULECTOMY - OPHTHALMOLOGY,"22,000","50,000","August 31, 2023",126,mmc-price-list
708,2,TRANSEOPHAGEAL ECHOCARDIOGRAM INTRAOPERATIVE - CARDIOLOGY,"20,000","30,000","August 31, 2023",702,mmc-price-list
709,2,TRANSEOPHAGEAL ECHOCARDIOGRAM OUTPATIENT - CARDIOLOGY,"10,000","16,000","August 31, 2023",701,mmc-price-list
710,2,TRIGGER FINGER RELEASE - ANESTHESIOLOGY,"4,000","7,500","August 31, 2023",278,mmc-price-list
711,2,TRIGGER FINGER RELEASE - ORTHOPEDIC SURGERY,"10,000","15,000","August 31, 2023",196,mmc-price-list
712,2,TROCHLEOPLASTY - ANESTHESIOLOGY,"32,000","50,000","August 31, 2023",129,mmc-price-list
713,2,TROCHLEOPLASTY - ORTHOPEDIC SURGERY,"80,000","100,000","August 31, 2023",138,mmc-price-list
714,2,ULTRASOUND GUIDED GUIDED INJECTION - ANESTHESIOLOGY,"4,000","7,500","August 31, 2023",360,mmc-price-list
715,2,ULTRASOUND GUIDED GUIDED INJECTION - ORTHOPEDIC SURGERY,"10,000","15,000","August 31, 2023",275,mmc-price-list
716,2,UPPER AND LOWER BLEPHAROPLASTY 1 HOUR - SURGERY,"65,000","95,000","August 31, 2023",547,mmc-price-list
717,2,UPPER OR LOWER BLEPHAROPLASTY 1 HOUR - SURGERY,"32,500","62,500","August 31, 2023",544,mmc-price-list
718,2,VAGINAL DELIVERY - ANESTHESIOLOGY,"7,000","100,000","August 31, 2023",86,mmc-price-list
719,2,VAGINAL DELIVERY - OBSTETRICS & GYNECOLOGY,"5,000","200,000","August 31, 2023",113,mmc-price-list
720,2,VALVE REPAIR OR REPLACEMENT OF ONE OR MORE VALVES - SURGERY,"550,000","900,000","August 31, 2023",496,mmc-price-list
721,2,VARICOCELECTOMY - ANESTHESIOLOGY,"1,000","80,000","August 31, 2023",448,mmc-price-list
722,2,VARICOCELECTOMY - SURGERY,"2,000","160,000","August 31, 2023",482,mmc-price-list
723,2,VASCULAR ACCESS - ANESTHESIOLOGY (PEDIA SURGERY),"10,000","15,000","August 31, 2023",409,mmc-price-list
724,2,VASCULAR ACCESS - SURGERY,"25,000","30,000","August 31, 2023",439,mmc-price-list
725,2,VASCULAR ACCESS PD CATHETER INSERTION - ANESTHESIOLOGY (NEPHROLOGY PROCEDURES),"4,000","15,000","October 20, 2023",39,mmc-price-list
726,2,VASCULAR ACCESS PD CATHETER INSERTION - NEPHROLOGY,"10,000","30,000","September 01, 2023",651,mmc-price-list
727,2,VASCULAR INTERVENTIONS (NEURO AND BODY IR) - RADIOLOGY,"70,000","500,000","August 31, 2023",368,mmc-price-list
728,2,VATS DRAINAGE OF EFFUSION DELOCULATION OR PLEURODESIS - SURGERY,"75,000","200,000","August 31, 2023",510,mmc-price-list
729,2,VATS PERICARDIECTOMY - SURGERY,"150,000","300,000","August 31, 2023",516,mmc-price-list
730,2,VATS RESECTION OF LUNG 1 OR MORE LOBES - SURGERY,"200,000","400,000","September 01, 2023",505,mmc-price-list
731,2,VATS THYMECTOMY - SURGERY,"200,000","400,000","August 31, 2023",509,mmc-price-list
732,2,VATS WEDGE RESECTION PLEURODESIS - SURGERY,"200,000","400,000","August 31, 2023",512,mmc-price-list
733,2,VEIN ABLATION (CATHETER BASED) - ANESTHESIOLOGY,"22,000","37,500","August 31, 2023",431,mmc-price-list
734,2,VEIN ABLATION (CATHETER BASED) - SURGERY,"55,000","75,000","August 31, 2023",467,mmc-price-list
735,2,VEIN HARVEST (ENDOSCOPIC) - ANESTHESIOLOGY,"22,000","37,500","August 31, 2023",433,mmc-price-list
736,2,VEIN HARVEST (ENDOSCOPIC) - SURGERY,"55,000","75,000","August 31, 2023",469,mmc-price-list
737,2,VEIN HARVEST (SURGICAL) - ANESTHESIOLOGY,"14,000","27,500","August 31, 2023",432,mmc-price-list
738,2,VEIN HARVEST (SURGICAL) - SURGERY,"35,000","55,000","August 31, 2023",468,mmc-price-list
739,2,VEIN STRIPPING (OPEN SURGICAL) - ANESTHESIOLOGY,"27,000","32,500","August 31, 2023",430,mmc-price-list
740,2,VEIN STRIPPING (OPEN SURGICAL) - SURGERY,"45,000","65,000","August 31, 2023",466,mmc-price-list
741,2,VESTIBULAR EXERCISES - OTORHINOLARYNGOLOGY,"2,000","5,000","August 31, 2023",292,mmc-price-list
742,2,VULVAR EXCISION - ANESTHESIOLOGY,"5,000","25,000","August 31, 2023",60,mmc-price-list
743,2,VULVAR EXCISION - OBSTETRICS & GYNECOLOGY,"5,000","50,000","August 31, 2023",96,mmc-price-list
744,2,WARD - CARDIOLOGY,850,"2,550","October 23, 2023",755,mmc-price-list
745,2,WARD - PULMONARY MEDICINE,"1,500","2,000","August 31, 2023",21,mmc-price-list
746,2,WEDGE RESECTION - SURGERY,"200,000","400,000","August 31, 2023",506,mmc-price-list
747,2,WOUND CLOSURE EXTENSIVE - EMERGENCY MEDICINE,"3,600","3,600","September 01, 2023",672,mmc-price-list
748,2,WOUND CLOSURE FACE 2.6-5 CM - EMERGENCY MEDICINE,"3,000","3,000","September 01, 2023",669,mmc-price-list
749,2,WOUND CLOSURE FACE 5.1 - 7.5 CM - EMERGENCY MEDICINE,"3,360","3,360","September 01, 2023",670,mmc-price-list
750,2,WOUND CLOSURE FACE 7.6 - 30 CM - EMERGENCY MEDICINE,"3,600","3,600","September 01, 2023",671,mmc-price-list
751,2,WOUND CLOSURE FACE <2.5 CM - EMERGENCY MEDICINE,"2,400","2,400","September 01, 2023",668,mmc-price-list
752,2,WOUND CLOSURE GLUE - EMERGENCY MEDICINE,"1,200","1,200","September 01, 2023",673,mmc-price-list
753,2,WOUND CLOSURE TRUNK 2.6-7.5 CM - EMERGENCY MEDICINE,"1,800","1,800","September 01, 2023",666,mmc-price-list
754,2,WOUND CLOSURE TRUNK 7.6-30 CM - EMERGENCY MEDICINE,"2,400","2,400","September 01, 2023",667,mmc-price-list
755,2,WOUND CLOSURE TRUNK <2.5 CM - EMERGENCY MEDICINE,"1,200","1,200","September 01, 2023",665,mmc-price-list
756,2,YAG LASER CAPSULOTOMY - OPHTHALMOLOGY,"10,000","20,000","August 31, 2023",118,mmc-price-list
